year,country,politics
1996,Afghanistan,1.1245762
1996,Albania,24.054165
1996,Algeria,16.689869
1996,American Samoa,
1996,Andorra,89.505173
1996,Angola,8.26122
1996,Anguilla,
1996,Antigua and Barbuda,73.712219
1996,Argentina,56.942585
1996,Armenia,33.76989
1996,Aruba,
1996,Australia,92.873413
1996,Austria,95.391548
1996,Azerbaijan,14.035774
1996,"Bahamas, The",83.613022
1996,Bahrain,52.424896
1996,Bangladesh,26.523371
1996,Barbados,87.429962
1996,Belarus,27.736374
1996,Belgium,90.219299
1996,Belize,61.343159
1996,Benin,47.762516
1996,Bermuda,84.301979
1996,Bhutan,53.13377
1996,Bolivia,43.835613
1996,Bosnia and Herzegovina,30.850416
1996,Botswana,72.088219
1996,Brazil,50.913177
1996,Brunei Darussalam,71.93734
1996,Bulgaria,42.442673
1996,Burkina Faso,32.518887
1996,Burundi,3.6363709
1996,Cambodia,22.430252
1996,Cameroon,13.555305
1996,Canada,94.430687
1996,Cape Verde,64.096542
1996,Cayman Islands,87.499977
1996,Central African Republic,10.822808
1996,Chad,17.041084
1996,Chile,81.838737
1996,China,38.001625
1996,Colombia,32.809223
1996,Comoros,23.483889
1996,"Congo, Dem. Rep.",2.01969
1996,"Congo, Rep.",10.967321
1996,Cook Islands,
1996,Costa Rica,70.378128
1996,Cote d'Ivoire,41.54557
1996,Croatia,41.107765
1996,Cuba,29.642799
1996,Cyprus,80.06395
1996,Czech Republic,78.364372
1996,Denmark,97.982651
1996,Djibouti,23.97183
1996,Dominica,76.704712
1996,Dominican Republic,44.410187
1996,Ecuador,32.609108
1996,"Egypt, Arab Rep.",43.485085
1996,El Salvador,33.51466
1996,Equatorial Guinea,13.91797
1996,Eritrea,26.971584
1996,Estonia,70.661392
1996,Ethiopia,12.707635
1996,Fiji,59.227009
1996,Finland,96.7584
1996,France,84.653625
1996,French Guiana,72.06749
1996,Gabon,38.272514
1996,"Gambia, The",36.081146
1996,Georgia,16.957102
1996,Germany,92.737022
1996,Ghana,42.23502
1996,Greece,72.061493
1996,Greenland,
1996,Grenada,70.740746
1996,Guam,
1996,Guatemala,28.309555
1996,Guinea,16.126951
1996,Guinea-Bissau,9.8842716
1996,Guyana,42.930897
1996,Haiti,13.720622
1996,Honduras,24.183826
1996,"Hong Kong SAR, China",77.370499
1996,Hungary,76.915718
1996,Iceland,91.983711
1996,India,44.431938
1996,Indonesia,33.568199
1996,"Iran, Islamic Rep.",24.100294
1996,Iraq,2.5728071
1996,Ireland,93.383194
1996,Israel,70.806335
1996,Italy,78.650848
1996,Jamaica,52.83218
1996,Japan,82.771866
1996,"Jersey, Channel Islands",
1996,Jordan,52.318851
1996,Kazakhstan,20.203669
1996,Kenya,26.846506
1996,Kiribati,80.348267
1996,"Korea, Dem. Rep.",9.2842865
1996,"Korea, Rep.",66.995155
1996,Kosovo,3.3653846
1996,Kuwait,58.629135
1996,Kyrgyz Republic,33.383621
1996,Lao PDR,27.817839
1996,Latvia,57.068981
1996,Lebanon,38.348999
1996,Lesotho,42.997387
1996,Liberia,2.4996397
1996,Libya,15.010456
1996,Liechtenstein,91.361565
1996,Lithuania,66.864395
1996,Luxembourg,96.534843
1996,"Macao SAR, China",61.718239
1996,"Macedonia, FYR",30.340487
1996,Madagascar,39.439888
1996,Malawi,37.955349
1996,Malaysia,66.159515
1996,Maldives,68.204674
1996,Mali,35.600571
1996,Malta,83.249893
1996,Marshall Islands,66.236885
1996,Martinique,75.66713
1996,Mauritania,44.158695
1996,Mauritius,70.459335
1996,Mexico,42.64566
1996,"Micronesia, Fed. Sts.",79.627113
1996,Moldova,47.550434
1996,Monaco,79.386734
1996,Mongolia,52.652344
1996,Montenegro,
1996,Morocco,50.07238
1996,Mozambique,38.034737
1996,Myanmar,5.2378144
1996,Namibia,67.258392
1996,Nauru,75.78096
1996,Nepal,44.202225
1996,Netherlands,98.144836
1996,Netherlands Antilles,
1996,New Caledonia,
1996,New Zealand,97.742691
1996,Nicaragua,32.994354
1996,Niger,16.425608
1996,Nigeria,12.541167
1996,Niue,
1996,Norway,98.131149
1996,Oman,58.751034
1996,Pakistan,23.40814
1996,Palau,79.386734
1996,Panama,51.788403
1996,Papua New Guinea,36.336494
1996,Paraguay,28.14901
1996,Peru,43.177418
1996,Philippines,49.592487
1996,Poland,72.407158
1996,Portugal,90.463623
1996,Puerto Rico,76.475807
1996,Qatar,52.255386
1996,Reunion,
1996,Romania,51.458805
1996,Russian Federation,27.306326
1996,Rwanda,8.5101585
1996,Samoa,70.757233
1996,San Marino,81.550194
1996,Sao Tome and Principe,53.082466
1996,Saudi Arabia,37.783081
1996,Senegal,44.589005
1996,Serbia,15.370287
1996,Seychelles,71.437332
1996,Sierra Leone,12.583835
1996,Singapore,87.740608
1996,Slovak Republic,66.685005
1996,Slovenia,85.776146
1996,Solomon Islands,78.405258
1996,Somalia,0.5663771
1996,South Africa,62.638962
1996,South Sudan,
1996,Spain,81.707329
1996,Sri Lanka,42.845737
1996,St. Kitts and Nevis,76.982887
1996,St. Lucia,78.725769
1996,St. Vincent and the Grenadines,78.245003
1996,Sudan,5.8343201
1996,Suriname,39.415882
1996,Swaziland,35.3377
1996,Sweden,96.677414
1996,Switzerland,96.195183
1996,Syrian Arab Republic,24.656427
1996,"Taiwan, China",75.245422
1996,Tajikistan,4.6898017
1996,Tanzania,27.410521
1996,Thailand,59.141613
1996,Timor-Leste,
1996,Togo,26.16967
1996,Tonga,65.684807
1996,Trinidad and Tobago,65.090775
1996,Tunisia,50.011318
1996,Turkey,43.904903
1996,Turkmenistan,21.202557
1996,Tuvalu,81.550194
1996,Uganda,28.093542
1996,Ukraine,28.085255
1996,United Arab Emirates,63.31443
1996,United Kingdom,91.808464
1996,United States,89.778587
1996,Uruguay,69.940002
1996,Uzbekistan,11.832658
1996,Vanuatu,65.311775
1996,"Venezuela, RB",30.205887
1996,Vietnam,35.896511
1996,Virgin Islands (U.S.),
1996,West Bank and Gaza,20.534622
1996,"Yemen, Rep.",24.866173
1996,Zambia,28.038439
1996,Zimbabwe,32.470989
1997,Afghanistan,1.005955
1997,Albania,24.920141
1997,Algeria,15.430296
1997,American Samoa,
1997,Andorra,89.948837
1997,Angola,6.3517933
1997,Anguilla,
1997,Antigua and Barbuda,73.712219
1997,Argentina,56.151443
1997,Armenia,33.883942
1997,Aruba,
1997,Australia,92.120453
1997,Austria,94.023468
1997,Azerbaijan,14.756563
1997,"Bahamas, The",84.38015
1997,Bahrain,52.747265
1997,Bangladesh,29.081043
1997,Barbados,87.993454
1997,Belarus,26.796211
1997,Belgium,88.334274
1997,Belize,59.920555
1997,Benin,48.8298
1997,Bermuda,84.747787
1997,Bhutan,53.540901
1997,Bolivia,46.680367
1997,Bosnia and Herzegovina,30.338833
1997,Botswana,72.572159
1997,Brazil,50.962433
1997,Brunei Darussalam,69.739166
1997,Bulgaria,46.886723
1997,Burkina Faso,32.655483
1997,Burundi,4.1228495
1997,Cambodia,20.721928
1997,Cameroon,15.787103
1997,Canada,93.91613
1997,Cape Verde,63.707603
1997,Cayman Islands,87.660446
1997,Central African Republic,12.435129
1997,Chad,16.888889
1997,Chile,79.061966
1997,China,36.992535
1997,Colombia,33.77467
1997,Comoros,22.019043
1997,"Congo, Dem. Rep.",1.4534893
1997,"Congo, Rep.",9.2077751
1997,Cook Islands,
1997,Costa Rica,73.077965
1997,Cote d'Ivoire,38.282417
1997,Croatia,42.113564
1997,Cuba,30.141932
1997,Cyprus,78.928879
1997,Czech Republic,76.634933
1997,Denmark,97.943367
1997,Djibouti,20.980289
1997,Dominica,72.512848
1997,Dominican Republic,40.204468
1997,Ecuador,33.854824
1997,"Egypt, Arab Rep.",42.446594
1997,El Salvador,36.868439
1997,Equatorial Guinea,12.546958
1997,Eritrea,30.174515
1997,Estonia,72.19931
1997,Ethiopia,16.835264
1997,Fiji,56.78688
1997,Finland,97.773132
1997,France,84.296936
1997,French Guiana,72.107773
1997,Gabon,38.620861
1997,"Gambia, The",38.23082
1997,Georgia,19.443495
1997,Germany,92.213036
1997,Ghana,42.082558
1997,Greece,73.649124
1997,Greenland,
1997,Grenada,69.587891
1997,Guam,
1997,Guatemala,30.419184
1997,Guinea,18.379005
1997,Guinea-Bissau,8.5778866
1997,Guyana,45.729549
1997,Haiti,13.068664
1997,Honduras,29.655571
1997,"Hong Kong SAR, China",77.647324
1997,Hungary,78.853081
1997,Iceland,92.87944
1997,India,44.077042
1997,Indonesia,27.335726
1997,"Iran, Islamic Rep.",24.019241
1997,Iraq,3.2574146
1997,Ireland,93.866119
1997,Israel,70.005981
1997,Italy,78.055679
1997,Jamaica,53.670227
1997,Japan,82.245148
1997,"Jersey, Channel Islands",
1997,Jordan,53.465767
1997,Kazakhstan,23.737318
1997,Kenya,24.507519
1997,Kiribati,62.43441
1997,"Korea, Dem. Rep.",9.1255827
1997,"Korea, Rep.",65.934921
1997,Kosovo,7.2115383
1997,Kuwait,57.999973
1997,Kyrgyz Republic,35.380463
1997,Lao PDR,26.465292
1997,Latvia,59.028046
1997,Lebanon,39.417496
1997,Lesotho,42.809547
1997,Liberia,3.8624206
1997,Libya,14.482414
1997,Liechtenstein,91.767883
1997,Lithuania,66.775665
1997,Luxembourg,96.004211
1997,"Macao SAR, China",61.638702
1997,"Macedonia, FYR",31.808033
1997,Madagascar,37.153912
1997,Malawi,40.538422
1997,Malaysia,62.950809
1997,Maldives,66.936401
1997,Mali,36.295036
1997,Malta,83.770592
1997,Marshall Islands,55.790016
1997,Martinique,75.62767
1997,Mauritania,42.903397
1997,Mauritius,72.491417
1997,Mexico,44.533966
1997,"Micronesia, Fed. Sts.",64.611488
1997,Moldova,46.635529
1997,Monaco,80.224052
1997,Mongolia,52.496826
1997,Montenegro,
1997,Morocco,52.807739
1997,Mozambique,38.396935
1997,Myanmar,5.7662849
1997,Namibia,64.105194
1997,Nauru,76.73848
1997,Nepal,39.034378
1997,Netherlands,98.306267
1997,Netherlands Antilles,
1997,New Caledonia,
1997,New Zealand,97.295738
1997,Nicaragua,33.816444
1997,Niger,17.322792
1997,Nigeria,13.290024
1997,Niue,
1997,Norway,97.726593
1997,Oman,59.849182
1997,Pakistan,24.100708
1997,Palau,80.224052
1997,Panama,56.032944
1997,Papua New Guinea,34.366299
1997,Paraguay,23.620628
1997,Peru,44.142075
1997,Philippines,51.45306
1997,Poland,73.85405
1997,Portugal,89.770966
1997,Puerto Rico,76.635895
1997,Qatar,56.92849
1997,Reunion,
1997,Romania,49.309616
1997,Russian Federation,25.080215
1997,Rwanda,10.53493
1997,Samoa,68.048149
1997,San Marino,82.868286
1997,Sao Tome and Principe,48.214386
1997,Saudi Arabia,38.17802
1997,Senegal,43.90152
1997,Serbia,14.036005
1997,Seychelles,65.494835
1997,Sierra Leone,11.302836
1997,Singapore,86.818359
1997,Slovak Republic,67.965897
1997,Slovenia,85.533249
1997,Solomon Islands,62.981888
1997,Somalia,0.64552438
1997,South Africa,61.781021
1997,South Sudan,
1997,Spain,82.279785
1997,Sri Lanka,42.515442
1997,St. Kitts and Nevis,69.013016
1997,St. Lucia,70.173744
1997,St. Vincent and the Grenadines,72.663582
1997,Sudan,6.1200342
1997,Suriname,42.438507
1997,Swaziland,34.515808
1997,Sweden,96.231018
1997,Switzerland,96.521568
1997,Syrian Arab Republic,23.347008
1997,"Taiwan, China",76.095459
1997,Tajikistan,5.0101347
1997,Tanzania,29.632412
1997,Thailand,60.14576
1997,Timor-Leste,
1997,Togo,24.393887
1997,Tonga,54.561615
1997,Trinidad and Tobago,65.929047
1997,Tunisia,50.825291
1997,Turkey,41.087578
1997,Turkmenistan,18.446123
1997,Tuvalu,82.868286
1997,Uganda,29.263611
1997,Ukraine,25.357605
1997,United Arab Emirates,63.753788
1997,United Kingdom,91.767426
1997,United States,89.818848
1997,Uruguay,71.545166
1997,Uzbekistan,10.544733
1997,Vanuatu,58.116245
1997,"Venezuela, RB",29.463192
1997,Vietnam,35.337158
1997,Virgin Islands (U.S.),
1997,West Bank and Gaza,20.082947
1997,"Yemen, Rep.",22.303421
1997,Zambia,30.6744
1997,Zimbabwe,30.049791
1998,Afghanistan,0.88733387
1998,Albania,25.786118
1998,Algeria,14.170724
1998,American Samoa,
1998,Andorra,90.392494
1998,Angola,4.4423666
1998,Anguilla,
1998,Antigua and Barbuda,73.712219
1998,Argentina,55.360302
1998,Armenia,33.99799
1998,Aruba,
1998,Australia,91.367485
1998,Austria,92.655396
1998,Azerbaijan,15.477353
1998,"Bahamas, The",85.147278
1998,Bahrain,53.069633
1998,Bangladesh,31.638716
1998,Barbados,88.556938
1998,Belarus,25.856049
1998,Belgium,86.449249
1998,Belize,58.497955
1998,Benin,49.897083
1998,Bermuda,85.193604
1998,Bhutan,53.948032
1998,Bolivia,49.525124
1998,Bosnia and Herzegovina,29.827248
1998,Botswana,73.056091
1998,Brazil,51.011692
1998,Brunei Darussalam,67.540993
1998,Bulgaria,51.330772
1998,Burkina Faso,32.79208
1998,Burundi,4.6093278
1998,Cambodia,19.013601
1998,Cameroon,18.0189
1998,Canada,93.401573
1998,Cape Verde,63.318661
1998,Cayman Islands,87.820908
1998,Central African Republic,14.047449
1998,Chad,16.736696
1998,Chile,76.285202
1998,China,35.983444
1998,Colombia,34.740116
1998,Comoros,20.554195
1998,"Congo, Dem. Rep.",0.88728845
1998,"Congo, Rep.",7.4482279
1998,Cook Islands,
1998,Costa Rica,75.777802
1998,Cote d'Ivoire,35.01926
1998,Croatia,43.119366
1998,Cuba,30.641064
1998,Cyprus,77.7938
1998,Czech Republic,74.905502
1998,Denmark,97.904083
1998,Djibouti,17.988747
1998,Dominica,68.320992
1998,Dominican Republic,35.998749
1998,Ecuador,35.10054
1998,"Egypt, Arab Rep.",41.4081
1998,El Salvador,40.222218
1998,Equatorial Guinea,11.175946
1998,Eritrea,33.377445
1998,Estonia,73.737228
1998,Ethiopia,20.962894
1998,Fiji,54.346752
1998,Finland,98.787872
1998,France,83.940239
1998,French Guiana,72.148056
1998,Gabon,38.969208
1998,"Gambia, The",40.380493
1998,Georgia,21.929888
1998,Germany,91.689049
1998,Ghana,41.930099
1998,Greece,75.236755
1998,Greenland,
1998,Grenada,68.435028
1998,Guam,
1998,Guatemala,32.528812
1998,Guinea,20.631058
1998,Guinea-Bissau,7.271502
1998,Guyana,48.528202
1998,Haiti,12.416705
1998,Honduras,35.127316
1998,"Hong Kong SAR, China",77.924156
1998,Hungary,80.790443
1998,Iceland,93.775162
1998,India,43.722141
1998,Indonesia,21.103252
1998,"Iran, Islamic Rep.",23.938189
1998,Iraq,3.9420221
1998,Ireland,94.349045
1998,Israel,69.205627
1998,Italy,77.46051
1998,Jamaica,54.50827
1998,Japan,81.718422
1998,"Jersey, Channel Islands",
1998,Jordan,54.612686
1998,Kazakhstan,27.270967
1998,Kenya,22.16853
1998,Kiribati,44.520557
1998,"Korea, Dem. Rep.",8.9668789
1998,"Korea, Rep.",64.87468
1998,Kosovo,11.057693
1998,Kuwait,57.370811
1998,Kyrgyz Republic,37.377304
1998,Lao PDR,25.112745
1998,Latvia,60.987114
1998,Lebanon,40.485989
1998,Lesotho,42.621708
1998,Liberia,5.2252016
1998,Libya,13.954371
1998,Liechtenstein,92.174202
1998,Lithuania,66.686928
1998,Luxembourg,95.473587
1998,"Macao SAR, China",61.55917
1998,"Macedonia, FYR",33.275578
1998,Madagascar,34.867935
1998,Malawi,43.121498
1998,Malaysia,59.742104
1998,Maldives,65.668121
1998,Mali,36.989498
1998,Malta,84.29129
1998,Marshall Islands,45.343143
1998,Martinique,75.588203
1998,Mauritania,41.648098
1998,Mauritius,74.523499
1998,Mexico,46.422268
1998,"Micronesia, Fed. Sts.",49.59586
1998,Moldova,45.720623
1998,Monaco,81.061371
1998,Mongolia,52.341309
1998,Montenegro,
1998,Morocco,55.543095
1998,Mozambique,38.759129
1998,Myanmar,6.2947555
1998,Namibia,60.951996
1998,Nauru,77.695992
1998,Nepal,33.866531
1998,Netherlands,98.467697
1998,Netherlands Antilles,
1998,New Caledonia,
1998,New Zealand,96.848785
1998,Nicaragua,34.638535
1998,Niger,18.219978
1998,Nigeria,14.038879
1998,Niue,
1998,Norway,97.322029
1998,Oman,60.947334
1998,Pakistan,24.793274
1998,Palau,81.061371
1998,Panama,60.277485
1998,Papua New Guinea,32.396103
1998,Paraguay,19.092249
1998,Peru,45.106735
1998,Philippines,53.313633
1998,Poland,75.300934
1998,Portugal,89.0783
1998,Puerto Rico,76.795982
1998,Qatar,61.601589
1998,Reunion,
1998,Romania,47.160431
1998,Russian Federation,22.854105
1998,Rwanda,12.559702
1998,Samoa,65.339066
1998,San Marino,84.186371
1998,Sao Tome and Principe,43.346302
1998,Saudi Arabia,38.57296
1998,Senegal,43.214031
1998,Serbia,12.701724
1998,Seychelles,59.552338
1998,Sierra Leone,10.021838
1998,Singapore,85.896103
1998,Slovak Republic,69.246788
1998,Slovenia,85.290352
1998,Solomon Islands,47.558517
1998,Somalia,0.72467166
1998,South Africa,60.92308
1998,South Sudan,
1998,Spain,82.852234
1998,Sri Lanka,42.185146
1998,St. Kitts and Nevis,61.043152
1998,St. Lucia,61.621716
1998,St. Vincent and the Grenadines,67.082161
1998,Sudan,6.4057488
1998,Suriname,45.461132
1998,Swaziland,33.693916
1998,Sweden,95.784615
1998,Switzerland,96.847954
1998,Syrian Arab Republic,22.037586
1998,"Taiwan, China",76.945488
1998,Tajikistan,5.3304672
1998,Tanzania,31.854305
1998,Thailand,61.149902
1998,Timor-Leste,
1998,Togo,22.618101
1998,Tonga,43.438419
1998,Trinidad and Tobago,66.767311
1998,Tunisia,51.639263
1998,Turkey,38.270256
1998,Turkmenistan,15.68969
1998,Tuvalu,84.186371
1998,Uganda,30.433678
1998,Ukraine,22.629955
1998,United Arab Emirates,64.193146
1998,United Kingdom,91.726379
1998,United States,89.859108
1998,Uruguay,73.150322
1998,Uzbekistan,9.2568073
1998,Vanuatu,50.920715
1998,"Venezuela, RB",28.720499
1998,Vietnam,34.777802
1998,Virgin Islands (U.S.),
1998,West Bank and Gaza,19.631269
1998,"Yemen, Rep.",19.740667
1998,Zambia,33.31036
1998,Zimbabwe,27.628593
1999,Afghanistan,0.80523992
1999,Albania,26.062222
1999,Algeria,14.242651
1999,American Samoa,
1999,Andorra,89.948853
1999,Angola,4.0766854
1999,Anguilla,
1999,Antigua and Barbuda,73.833603
1999,Argentina,54.129742
1999,Armenia,33.8377
1999,Aruba,
1999,Australia,92.775398
1999,Austria,91.897919
1999,Azerbaijan,15.516632
1999,"Bahamas, The",86.279053
1999,Bahrain,54.519577
1999,Bangladesh,28.398617
1999,Barbados,88.751221
1999,Belarus,25.227688
1999,Belgium,87.619949
1999,Belize,57.769203
1999,Benin,49.695522
1999,Bermuda,83.987549
1999,Bhutan,53.666424
1999,Bolivia,47.179459
1999,Bosnia and Herzegovina,30.763674
1999,Botswana,72.168762
1999,Brazil,53.016647
1999,Brunei Darussalam,68.188644
1999,Bulgaria,52.991859
1999,Burkina Faso,36.792011
1999,Burundi,5.2654219
1999,Cambodia,21.595699
1999,Cameroon,18.705647
1999,Canada,93.476807
1999,Cape Verde,65.845726
1999,Cayman Islands,87.988045
1999,Central African Republic,12.992071
1999,Chad,18.065327
1999,Chile,79.251915
1999,China,36.590431
1999,Colombia,34.102394
1999,Comoros,17.398481
1999,"Congo, Dem. Rep.",1.0903603
1999,"Congo, Rep.",8.6503658
1999,Cook Islands,
1999,Costa Rica,74.043808
1999,Cote d'Ivoire,27.018433
1999,Croatia,49.650322
1999,Cuba,32.377144
1999,Cyprus,78.946274
1999,Czech Republic,71.204849
1999,Denmark,97.621277
1999,Djibouti,19.626572
1999,Dominica,68.412056
1999,Dominican Republic,38.57885
1999,Ecuador,30.203957
1999,"Egypt, Arab Rep.",41.526535
1999,El Salvador,41.792309
1999,Equatorial Guinea,10.888485
1999,Eritrea,30.584534
1999,Estonia,75.028847
1999,Ethiopia,21.213257
1999,Fiji,47.308517
1999,Finland,98.987213
1999,France,84.304169
1999,French Guiana,71.866226
1999,Gabon,40.728668
1999,"Gambia, The",40.476841
1999,Georgia,23.688309
1999,Germany,92.33284
1999,Ghana,45.960388
1999,Greece,75.31871
1999,Greenland,
1999,Grenada,68.476631
1999,Guam,
1999,Guatemala,32.435616
1999,Guinea,18.221699
1999,Guinea-Bissau,11.813076
1999,Guyana,45.741585
1999,Haiti,12.29198
1999,Honduras,33.585434
1999,"Hong Kong SAR, China",78.609085
1999,Hungary,80.26944
1999,Iceland,95.471985
1999,India,44.698997
1999,Indonesia,24.866396
1999,"Iran, Islamic Rep.",25.348511
1999,Iraq,3.8187289
1999,Ireland,94.025406
1999,Israel,69.606659
1999,Italy,77.355972
1999,Jamaica,53.987587
1999,Japan,82.906525
1999,"Jersey, Channel Islands",
1999,Jordan,54.521973
1999,Kazakhstan,25.612251
1999,Kenya,23.211651
1999,Kiribati,48.253082
1999,"Korea, Dem. Rep.",10.686155
1999,"Korea, Rep.",66.423569
1999,Kosovo,18.028847
1999,Kuwait,58.29755
1999,Kyrgyz Republic,34.176266
1999,Lao PDR,22.108847
1999,Latvia,61.338676
1999,Lebanon,40.783627
1999,Lesotho,44.227615
1999,Liberia,4.9916687
1999,Libya,15.751659
1999,Liechtenstein,91.527687
1999,Lithuania,66.006157
1999,Luxembourg,96.163132
1999,"Macao SAR, China",62.88871
1999,"Macedonia, FYR",32.428352
1999,Madagascar,38.964035
1999,Malawi,42.0765
1999,Malaysia,60.262344
1999,Maldives,63.549034
1999,Mali,37.845024
1999,Malta,85.954254
1999,Marshall Islands,44.256001
1999,Martinique,76.188354
1999,Mauritania,41.772682
1999,Mauritius,74.050362
1999,Mexico,48.632103
1999,"Micronesia, Fed. Sts.",47.074402
1999,Moldova,40.132015
1999,Monaco,81.301758
1999,Mongolia,52.496864
1999,Montenegro,
1999,Morocco,52.288696
1999,Mozambique,39.126244
1999,Myanmar,5.847796
1999,Namibia,58.913841
1999,Nauru,77.455605
1999,Nepal,33.312412
1999,Netherlands,98.429398
1999,Netherlands Antilles,
1999,New Caledonia,
1999,New Zealand,96.24054
1999,Nicaragua,33.542648
1999,Niger,22.916842
1999,Nigeria,14.923679
1999,Niue,
1999,Norway,96.022316
1999,Oman,62.036743
1999,Pakistan,22.382885
1999,Palau,81.301758
1999,Panama,58.323654
1999,Papua New Guinea,32.939995
1999,Paraguay,17.198444
1999,Peru,42.710278
1999,Philippines,47.474087
1999,Poland,73.255508
1999,Portugal,87.945702
1999,Puerto Rico,78.013535
1999,Qatar,62.80043
1999,Reunion,
1999,Romania,45.567345
1999,Russian Federation,22.131527
1999,Rwanda,13.981316
1999,Samoa,67.1716
1999,San Marino,84.066177
1999,Sao Tome and Principe,47.197849
1999,Saudi Arabia,39.965828
1999,Senegal,45.22821
1999,Serbia,13.417004
1999,Seychelles,58.931759
1999,Sierra Leone,8.7750931
1999,Singapore,86.258224
1999,Slovak Republic,68.28685
1999,Slovenia,81.819511
1999,Solomon Islands,36.447021
1999,Somalia,0.84486401
1999,South Africa,61.651501
1999,South Sudan,
1999,Spain,84.016846
1999,Sri Lanka,42.47052
1999,St. Kitts and Nevis,63.505962
1999,St. Lucia,66.685898
1999,St. Vincent and the Grenadines,68.84819
1999,Sudan,7.3418808
1999,Suriname,47.493664
1999,Swaziland,32.724564
1999,Sweden,95.99102
1999,Switzerland,96.890182
1999,Syrian Arab Republic,21.31155
1999,"Taiwan, China",76.107651
1999,Tajikistan,6.9528236
1999,Tanzania,31.665539
1999,Thailand,61.605927
1999,Timor-Leste,
1999,Togo,22.51823
1999,Tonga,42.754707
1999,Trinidad and Tobago,64.922783
1999,Tunisia,52.042068
1999,Turkey,41.898682
1999,Turkmenistan,14.558727
1999,Tuvalu,78.645988
1999,Uganda,29.792219
1999,Ukraine,22.413847
1999,United Arab Emirates,65.2108
1999,United Kingdom,91.88369
1999,United States,90.42099
1999,Uruguay,73.061546
1999,Uzbekistan,9.914463
1999,Vanuatu,51.201759
1999,"Venezuela, RB",29.535583
1999,Vietnam,34.439117
1999,Virgin Islands (U.S.),
1999,West Bank and Gaza,18.535061
1999,"Yemen, Rep.",18.847462
1999,Zambia,32.134762
1999,Zimbabwe,20.719917
2000,Afghanistan,0.72314596
2000,Albania,26.338326
2000,Algeria,14.314579
2000,American Samoa,
2000,Andorra,89.505211
2000,Angola,3.7110043
2000,Anguilla,
2000,Antigua and Barbuda,73.954979
2000,Argentina,52.899181
2000,Armenia,33.677406
2000,Aruba,
2000,Australia,94.183311
2000,Austria,91.140442
2000,Azerbaijan,15.55591
2000,"Bahamas, The",87.410835
2000,Bahrain,55.969524
2000,Bangladesh,25.158516
2000,Barbados,88.945503
2000,Belarus,24.599329
2000,Belgium,88.790649
2000,Belize,57.040447
2000,Benin,49.493961
2000,Bermuda,82.781487
2000,Bhutan,53.384815
2000,Bolivia,44.833797
2000,Bosnia and Herzegovina,31.7001
2000,Botswana,71.281441
2000,Brazil,55.021603
2000,Brunei Darussalam,68.836296
2000,Bulgaria,54.652946
2000,Burkina Faso,40.791943
2000,Burundi,5.9215155
2000,Cambodia,24.177795
2000,Cameroon,19.392393
2000,Canada,93.552032
2000,Cape Verde,68.372795
2000,Cayman Islands,88.155182
2000,Central African Republic,11.936694
2000,Chad,19.393955
2000,Chile,82.218628
2000,China,37.197422
2000,Colombia,33.464672
2000,Comoros,14.242768
2000,"Congo, Dem. Rep.",1.2934321
2000,"Congo, Rep.",9.8525028
2000,Cook Islands,60.829247
2000,Costa Rica,72.309822
2000,Cote d'Ivoire,19.017603
2000,Croatia,56.181278
2000,Cuba,34.113224
2000,Cyprus,80.09874
2000,Czech Republic,67.504196
2000,Denmark,97.338463
2000,Djibouti,21.264399
2000,Dominica,68.50312
2000,Dominican Republic,41.158955
2000,Ecuador,25.307373
2000,"Egypt, Arab Rep.",41.644966
2000,El Salvador,43.3624
2000,Equatorial Guinea,10.601023
2000,Eritrea,27.79162
2000,Estonia,76.320465
2000,Ethiopia,21.463619
2000,Fiji,40.270283
2000,Finland,99.186546
2000,France,84.668098
2000,French Guiana,71.584396
2000,Gabon,42.488125
2000,"Gambia, The",40.573189
2000,Georgia,25.446728
2000,Germany,92.976631
2000,Ghana,49.990673
2000,Greece,75.400665
2000,Greenland,
2000,Grenada,68.518234
2000,Guam,
2000,Guatemala,32.342419
2000,Guinea,15.812339
2000,Guinea-Bissau,16.35465
2000,Guyana,42.954967
2000,Haiti,12.167254
2000,Honduras,32.043549
2000,"Hong Kong SAR, China",79.294022
2000,Hungary,79.748428
2000,Iceland,97.168816
2000,India,45.67585
2000,Indonesia,28.629539
2000,"Iran, Islamic Rep.",26.758835
2000,Iraq,3.695436
2000,Ireland,93.701767
2000,Israel,70.007683
2000,Italy,77.251434
2000,Jamaica,53.466904
2000,Japan,84.094635
2000,"Jersey, Channel Islands",
2000,Jordan,54.431263
2000,Kazakhstan,23.953537
2000,Kenya,24.254772
2000,Kiribati,51.985603
2000,"Korea, Dem. Rep.",12.405431
2000,"Korea, Rep.",67.972466
2000,Kosovo,25
2000,Kuwait,59.224289
2000,Kyrgyz Republic,30.975225
2000,Lao PDR,19.104948
2000,Latvia,61.690243
2000,Lebanon,41.081264
2000,Lesotho,45.833527
2000,Liberia,4.7581358
2000,Libya,17.548948
2000,Liechtenstein,90.881172
2000,Lithuania,65.325386
2000,Luxembourg,96.852669
2000,"Macao SAR, China",64.218246
2000,"Macedonia, FYR",31.581123
2000,Madagascar,43.060131
2000,Malawi,41.031498
2000,Malaysia,60.782581
2000,Maldives,61.429951
2000,Mali,38.700546
2000,Malta,87.617218
2000,Marshall Islands,43.168858
2000,Martinique,76.788513
2000,Mauritania,41.89727
2000,Mauritius,73.577225
2000,Mexico,50.841934
2000,"Micronesia, Fed. Sts.",44.552948
2000,Moldova,34.543407
2000,Monaco,81.542145
2000,Mongolia,52.65242
2000,Montenegro,29.326923
2000,Morocco,49.034294
2000,Mozambique,39.493362
2000,Myanmar,5.4008365
2000,Namibia,56.87569
2000,Nauru,77.215218
2000,Nepal,32.758293
2000,Netherlands,98.391106
2000,Netherlands Antilles,
2000,New Caledonia,
2000,New Zealand,95.632294
2000,Nicaragua,32.446758
2000,Niger,27.613705
2000,Nigeria,15.80848
2000,Niue,
2000,Norway,94.722603
2000,Oman,63.126152
2000,Pakistan,19.972494
2000,Palau,81.542145
2000,Panama,56.36982
2000,Papua New Guinea,33.483887
2000,Paraguay,15.304642
2000,Peru,40.31382
2000,Philippines,41.634541
2000,Poland,71.210083
2000,Portugal,86.813103
2000,Puerto Rico,79.231079
2000,Qatar,63.999271
2000,Reunion,
2000,Romania,43.974258
2000,Russian Federation,21.408949
2000,Rwanda,15.402929
2000,Samoa,69.004128
2000,San Marino,83.945992
2000,Sao Tome and Principe,51.049397
2000,Saudi Arabia,41.358696
2000,Senegal,47.24239
2000,Serbia,14.132282
2000,Seychelles,58.31118
2000,Sierra Leone,7.528348
2000,Singapore,86.620346
2000,Slovak Republic,67.326904
2000,Slovenia,78.348671
2000,Solomon Islands,25.335524
2000,Somalia,0.9650563
2000,South Africa,62.379921
2000,South Sudan,
2000,Spain,85.18145
2000,Sri Lanka,42.755898
2000,St. Kitts and Nevis,65.968773
2000,St. Lucia,71.750084
2000,St. Vincent and the Grenadines,70.61422
2000,Sudan,8.2780123
2000,Suriname,49.526196
2000,Swaziland,31.755213
2000,Sweden,96.197426
2000,Switzerland,96.932411
2000,Syrian Arab Republic,20.585514
2000,"Taiwan, China",75.269821
2000,Tajikistan,8.5751801
2000,Tanzania,31.476774
2000,Thailand,62.061947
2000,Timor-Leste,53.130753
2000,Togo,22.418358
2000,Tonga,42.070992
2000,Trinidad and Tobago,63.078255
2000,Tunisia,52.444878
2000,Turkey,45.527111
2000,Turkmenistan,13.427766
2000,Tuvalu,73.105606
2000,Uganda,29.150761
2000,Ukraine,22.197739
2000,United Arab Emirates,66.228447
2000,United Kingdom,92.041
2000,United States,90.982864
2000,Uruguay,72.972771
2000,Uzbekistan,10.57212
2000,Vanuatu,51.482807
2000,"Venezuela, RB",30.35067
2000,Vietnam,34.100433
2000,Virgin Islands (U.S.),
2000,West Bank and Gaza,17.438852
2000,"Yemen, Rep.",17.954256
2000,Zambia,30.959166
2000,Zimbabwe,13.81124
2001,Afghanistan,1.61063
2001,Albania,29.967667
2001,Algeria,18.711288
2001,American Samoa,
2001,Andorra,90.10891
2001,Angola,5.8109798
2001,Anguilla,
2001,Antigua and Barbuda,72.939438
2001,Argentina,43.196144
2001,Armenia,37.520935
2001,Aruba,
2001,Australia,93.134399
2001,Austria,92.945465
2001,Azerbaijan,16.932106
2001,"Bahamas, The",87.253357
2001,Bahrain,58.827614
2001,Bangladesh,22.934484
2001,Barbados,88.250885
2001,Belarus,22.131115
2001,Belgium,89.877472
2001,Belize,56.353642
2001,Benin,47.429565
2001,Bermuda,83.057037
2001,Bhutan,53.147549
2001,Bolivia,41.830704
2001,Bosnia and Herzegovina,32.623131
2001,Botswana,71.288498
2001,Brazil,55.656372
2001,Brunei Darussalam,67.550735
2001,Bulgaria,56.799919
2001,Burkina Faso,39.633808
2001,Burundi,7.5293593
2001,Cambodia,23.81229
2001,Cameroon,18.175943
2001,Canada,93.791245
2001,Cape Verde,63.943283
2001,Cayman Islands,88.438187
2001,Central African Republic,11.087188
2001,Chad,18.138096
2001,Chile,84.422165
2001,China,35.249527
2001,Colombia,34.105545
2001,Comoros,21.05122
2001,"Congo, Dem. Rep.",2.1430247
2001,"Congo, Rep.",12.116098
2001,Cook Islands,59.981422
2001,Costa Rica,72.294342
2001,Cote d'Ivoire,18.230221
2001,Croatia,58.532791
2001,Cuba,32.457638
2001,Cyprus,79.344955
2001,Czech Republic,72.217407
2001,Denmark,97.982635
2001,Djibouti,23.997421
2001,Dominica,69.999832
2001,Dominican Republic,41.811096
2001,Ecuador,25.668287
2001,"Egypt, Arab Rep.",39.470192
2001,El Salvador,43.025124
2001,Equatorial Guinea,9.6439495
2001,Eritrea,28.226484
2001,Estonia,77.356895
2001,Ethiopia,19.853004
2001,Fiji,46.710106
2001,Finland,99.430847
2001,France,84.184738
2001,French Guiana,71.574966
2001,Gabon,43.191521
2001,"Gambia, The",40.714226
2001,Georgia,21.437466
2001,Germany,92.295349
2001,Ghana,47.626762
2001,Greece,74.872986
2001,Greenland,
2001,Grenada,68.763298
2001,Guam,
2001,Guatemala,32.432468
2001,Guinea,16.921467
2001,Guinea-Bissau,17.258411
2001,Guyana,42.583633
2001,Haiti,9.5957031
2001,Honduras,31.555798
2001,"Hong Kong SAR, China",80.649849
2001,Hungary,81.113792
2001,Iceland,97.084183
2001,India,44.103493
2001,Indonesia,26.104342
2001,"Iran, Islamic Rep.",26.822483
2001,Iraq,3.2931976
2001,Ireland,93.300545
2001,Israel,69.0383
2001,Italy,75.959984
2001,Jamaica,50.996483
2001,Japan,81.822372
2001,"Jersey, Channel Islands",
2001,Jordan,50.739037
2001,Kazakhstan,23.620275
2001,Kenya,24.825111
2001,Kiribati,53.110874
2001,"Korea, Dem. Rep.",12.219877
2001,"Korea, Rep.",68.830292
2001,Kosovo,29.567308
2001,Kuwait,58.866199
2001,Kyrgyz Republic,29.962296
2001,Lao PDR,17.000267
2001,Latvia,65.309143
2001,Lebanon,39.843811
2001,Lesotho,46.680374
2001,Liberia,4.4788561
2001,Libya,16.824209
2001,Liechtenstein,91.566391
2001,Lithuania,67.741806
2001,Luxembourg,96.975403
2001,"Macao SAR, China",65.328644
2001,"Macedonia, FYR",32.145927
2001,Madagascar,43.691681
2001,Malawi,35.788349
2001,Malaysia,61.49633
2001,Maldives,60.919235
2001,Mali,40.905197
2001,Malta,86.96524
2001,Marshall Islands,43.066277
2001,Martinique,76.217621
2001,Mauritania,45.776451
2001,Mauritius,73.932922
2001,Mexico,52.04607
2001,"Micronesia, Fed. Sts.",44.804195
2001,Moldova,32.965469
2001,Monaco,80.224052
2001,Mongolia,56.119499
2001,Montenegro,39.66346
2001,Morocco,47.213947
2001,Mozambique,40.171349
2001,Myanmar,4.9579067
2001,Namibia,57.268375
2001,Nauru,75.776932
2001,Nepal,30.973164
2001,Netherlands,97.345329
2001,Netherlands Antilles,
2001,New Caledonia,
2001,New Zealand,95.83593
2001,Nicaragua,34.78532
2001,Niger,27.091341
2001,Nigeria,13.22566
2001,Niue,
2001,Norway,94.885788
2001,Oman,63.840767
2001,Pakistan,21.0625
2001,Palau,80.224052
2001,Panama,56.116543
2001,Papua New Guinea,31.476118
2001,Paraguay,16.044994
2001,Peru,41.13324
2001,Philippines,41.826794
2001,Poland,71.036301
2001,Portugal,87.948059
2001,Puerto Rico,78.509872
2001,Qatar,63.8559
2001,Reunion,
2001,Romania,47.726662
2001,Russian Federation,26.949528
2001,Rwanda,17.009567
2001,Samoa,68.759674
2001,San Marino,82.98848
2001,Sao Tome and Principe,48.292782
2001,Saudi Arabia,42.338844
2001,Senegal,49.903831
2001,Serbia,21.630482
2001,Seychelles,57.561501
2001,Sierra Leone,12.354258
2001,Singapore,86.733917
2001,Slovak Republic,68.534569
2001,Slovenia,80.037613
2001,Solomon Islands,21.248783
2001,Somalia,2.0176711
2001,South Africa,62.020355
2001,South Sudan,
2001,Spain,84.946495
2001,Sri Lanka,45.531876
2001,St. Kitts and Nevis,64.423676
2001,St. Lucia,67.610916
2001,St. Vincent and the Grenadines,67.240433
2001,Sudan,8.5866604
2001,Suriname,49.996033
2001,Swaziland,33.378391
2001,Sweden,96.68644
2001,Switzerland,97.254105
2001,Syrian Arab Republic,25.208368
2001,"Taiwan, China",74.976662
2001,Tajikistan,10.531698
2001,Tanzania,32.993687
2001,Thailand,60.038319
2001,Timor-Leste,40.711327
2001,Togo,22.655191
2001,Tonga,38.467926
2001,Trinidad and Tobago,61.299217
2001,Tunisia,52.295753
2001,Turkey,44.378487
2001,Turkmenistan,12.174011
2001,Tuvalu,72.082825
2001,Uganda,29.140217
2001,Ukraine,24.328262
2001,United Arab Emirates,68.22937
2001,United Kingdom,90.595161
2001,United States,88.334709
2001,Uruguay,72.606285
2001,Uzbekistan,9.607008
2001,Vanuatu,48.961121
2001,"Venezuela, RB",24.055986
2001,Vietnam,33.06575
2001,Virgin Islands (U.S.),
2001,West Bank and Gaza,17.574821
2001,"Yemen, Rep.",16.588516
2001,Zambia,30.987656
2001,Zimbabwe,10.820023
2002,Afghanistan,2.4981141
2002,Albania,33.597008
2002,Algeria,23.107996
2002,American Samoa,
2002,Andorra,90.712608
2002,Angola,7.9109559
2002,Anguilla,
2002,Antigua and Barbuda,71.923904
2002,Argentina,33.493103
2002,Armenia,41.364464
2002,Aruba,
2002,Australia,92.08548
2002,Austria,94.750496
2002,Azerbaijan,18.3083
2002,"Bahamas, The",87.095879
2002,Bahrain,61.685703
2002,Bangladesh,20.710453
2002,Barbados,87.556259
2002,Belarus,19.662899
2002,Belgium,90.964294
2002,Belize,55.666836
2002,Benin,45.36517
2002,Bermuda,83.332581
2002,Bhutan,52.910282
2002,Bolivia,38.827614
2002,Bosnia and Herzegovina,33.546162
2002,Botswana,71.295563
2002,Brazil,56.291138
2002,Brunei Darussalam,66.265182
2002,Bulgaria,58.946896
2002,Burkina Faso,38.475674
2002,Burundi,9.1372032
2002,Cambodia,23.446787
2002,Cameroon,16.959494
2002,Canada,94.030457
2002,Cape Verde,59.513767
2002,Cayman Islands,88.721191
2002,Central African Republic,10.237681
2002,Chad,16.882235
2002,Chile,86.625702
2002,China,33.301636
2002,Colombia,34.746422
2002,Comoros,27.859671
2002,"Congo, Dem. Rep.",2.9926171
2002,"Congo, Rep.",14.379694
2002,Cook Islands,59.133598
2002,Costa Rica,72.278862
2002,Cote d'Ivoire,17.442839
2002,Croatia,60.884304
2002,Cuba,30.80205
2002,Cyprus,78.591164
2002,Czech Republic,76.930626
2002,Denmark,98.626816
2002,Djibouti,26.730446
2002,Dominica,71.496536
2002,Dominican Republic,42.463238
2002,Ecuador,26.029202
2002,"Egypt, Arab Rep.",37.295418
2002,El Salvador,42.687843
2002,Equatorial Guinea,8.6868763
2002,Eritrea,28.661348
2002,Estonia,78.393326
2002,Ethiopia,18.24239
2002,Fiji,53.149925
2002,Finland,99.675156
2002,France,83.701378
2002,French Guiana,71.565544
2002,Gabon,43.894917
2002,"Gambia, The",40.855267
2002,Georgia,17.428205
2002,Germany,91.614075
2002,Ghana,45.262852
2002,Greece,74.345314
2002,Greenland,
2002,Grenada,69.008362
2002,Guam,
2002,Guatemala,32.522518
2002,Guinea,18.030594
2002,Guinea-Bissau,18.162174
2002,Guyana,42.212299
2002,Haiti,7.0241513
2002,Honduras,31.068045
2002,"Hong Kong SAR, China",82.005676
2002,Hungary,82.479156
2002,Iceland,96.999542
2002,India,42.531136
2002,Indonesia,23.579144
2002,"Iran, Islamic Rep.",26.886133
2002,Iraq,2.8909595
2002,Ireland,92.899323
2002,Israel,68.068909
2002,Italy,74.668533
2002,Jamaica,48.526062
2002,Japan,79.55011
2002,"Jersey, Channel Islands",
2002,Jordan,47.046814
2002,Kazakhstan,23.287014
2002,Kenya,25.395452
2002,Kiribati,54.236145
2002,"Korea, Dem. Rep.",12.034324
2002,"Korea, Rep.",69.688118
2002,Kosovo,34.134617
2002,Kuwait,58.50811
2002,Kyrgyz Republic,28.949364
2002,Lao PDR,14.895586
2002,Latvia,68.92804
2002,Lebanon,38.606358
2002,Lesotho,47.527218
2002,Liberia,4.1995759
2002,Libya,16.09947
2002,Liechtenstein,92.25161
2002,Lithuania,70.158218
2002,Luxembourg,97.098145
2002,"Macao SAR, China",66.439041
2002,"Macedonia, FYR",32.710728
2002,Madagascar,44.323235
2002,Malawi,30.545202
2002,Malaysia,62.210079
2002,Maldives,60.40852
2002,Mali,43.109848
2002,Malta,86.313263
2002,Marshall Islands,42.963699
2002,Martinique,75.646721
2002,Mauritania,49.655636
2002,Mauritius,74.28862
2002,Mexico,53.250206
2002,"Micronesia, Fed. Sts.",45.055443
2002,Moldova,31.387527
2002,Monaco,78.90596
2002,Mongolia,59.586575
2002,Montenegro,50
2002,Morocco,45.3936
2002,Mozambique,40.849331
2002,Myanmar,4.5149765
2002,Namibia,57.66106
2002,Nauru,74.338654
2002,Nepal,29.188036
2002,Netherlands,96.299553
2002,Netherlands Antilles,
2002,New Caledonia,
2002,New Zealand,96.039566
2002,Nicaragua,37.123882
2002,Niger,26.568977
2002,Nigeria,10.64284
2002,Niue,
2002,Norway,95.048981
2002,Oman,64.555382
2002,Pakistan,22.152506
2002,Palau,78.90596
2002,Panama,55.863266
2002,Papua New Guinea,29.468349
2002,Paraguay,16.785349
2002,Peru,41.952656
2002,Philippines,42.019047
2002,Poland,70.862526
2002,Portugal,89.083015
2002,Puerto Rico,77.788673
2002,Qatar,63.712528
2002,Reunion,
2002,Romania,51.479061
2002,Russian Federation,32.490105
2002,Rwanda,18.616207
2002,Samoa,68.515228
2002,San Marino,82.03096
2002,Sao Tome and Principe,45.536167
2002,Saudi Arabia,43.318989
2002,Senegal,52.565269
2002,Serbia,29.128683
2002,Seychelles,56.811825
2002,Sierra Leone,17.180166
2002,Singapore,86.847496
2002,Slovak Republic,69.742233
2002,Slovenia,81.726555
2002,Solomon Islands,17.162041
2002,Somalia,3.0702858
2002,South Africa,61.660789
2002,South Sudan,
2002,Spain,84.71154
2002,Sri Lanka,48.30785
2002,St. Kitts and Nevis,62.878578
2002,St. Lucia,63.471752
2002,St. Vincent and the Grenadines,63.866642
2002,Sudan,8.8953085
2002,Suriname,50.465866
2002,Swaziland,35.001568
2002,Sweden,97.175453
2002,Switzerland,97.575798
2002,Syrian Arab Republic,29.831223
2002,"Taiwan, China",74.683502
2002,Tajikistan,12.488215
2002,Tanzania,34.510601
2002,Thailand,58.01469
2002,Timor-Leste,28.291903
2002,Togo,22.892025
2002,Tonga,34.864861
2002,Trinidad and Tobago,59.52018
2002,Tunisia,52.146633
2002,Turkey,43.229862
2002,Turkmenistan,10.920257
2002,Tuvalu,71.060043
2002,Uganda,29.129675
2002,Ukraine,26.458784
2002,United Arab Emirates,70.230301
2002,United Kingdom,89.149323
2002,United States,85.686554
2002,Uruguay,72.239799
2002,Uzbekistan,8.6418962
2002,Vanuatu,46.43943
2002,"Venezuela, RB",17.761303
2002,Vietnam,32.031067
2002,Virgin Islands (U.S.),
2002,West Bank and Gaza,17.710793
2002,"Yemen, Rep.",15.222778
2002,Zambia,31.016146
2002,Zimbabwe,7.828804
2003,Afghanistan,5.4910536
2003,Albania,33.008644
2003,Algeria,24.572613
2003,American Samoa,
2003,Andorra,90.396713
2003,Angola,10.483365
2003,Anguilla,
2003,Antigua and Barbuda,72.073593
2003,Argentina,39.474632
2003,Armenia,44.74165
2003,Aruba,
2003,Australia,91.138435
2003,Austria,92.674171
2003,Azerbaijan,21.633879
2003,"Bahamas, The",84.111137
2003,Bahrain,60.59552
2003,Bangladesh,18.544949
2003,Barbados,86.756531
2003,Belarus,23.357494
2003,Belgium,89.040062
2003,Belize,58.481621
2003,Benin,45.057373
2003,Bermuda,84.687721
2003,Bhutan,58.559837
2003,Bolivia,38.125645
2003,Bosnia and Herzegovina,35.588455
2003,Botswana,76.851097
2003,Brazil,54.384434
2003,Brunei Darussalam,65.437286
2003,Bulgaria,57.27589
2003,Burkina Faso,40.698875
2003,Burundi,8.0040894
2003,Cambodia,21.422729
2003,Cameroon,21.556206
2003,Canada,93.629013
2003,Cape Verde,61.769131
2003,Cayman Islands,83.743774
2003,Central African Republic,7.5159168
2003,Chad,12.113059
2003,Chile,83.571037
2003,China,36.403732
2003,Colombia,36.451332
2003,Comoros,18.178955
2003,"Congo, Dem. Rep.",3.4733562
2003,"Congo, Rep.",15.073908
2003,Cook Islands,56.92968
2003,Costa Rica,69.968918
2003,Cote d'Ivoire,12.065374
2003,Croatia,62.013248
2003,Cuba,31.287434
2003,Cyprus,78.824478
2003,Czech Republic,77.012375
2003,Denmark,97.588287
2003,Djibouti,23.153831
2003,Dominica,72.219307
2003,Dominican Republic,36.251934
2003,Ecuador,25.801685
2003,"Egypt, Arab Rep.",35.668495
2003,El Salvador,44.169228
2003,Equatorial Guinea,12.461155
2003,Eritrea,22.987659
2003,Estonia,79.689445
2003,Ethiopia,19.368561
2003,Fiji,49.853306
2003,Finland,99.758041
2003,France,82.212341
2003,French Guiana,71.552643
2003,Gabon,41.09037
2003,"Gambia, The",45.546383
2003,Georgia,27.152411
2003,Germany,87.758919
2003,Ghana,49.224098
2003,Greece,73.698051
2003,Greenland,
2003,Grenada,68.838753
2003,Guam,
2003,Guatemala,30.338203
2003,Guinea,19.794888
2003,Guinea-Bissau,15.714221
2003,Guyana,43.604561
2003,Haiti,7.0308266
2003,Honduras,30.508635
2003,"Hong Kong SAR, China",85.386833
2003,Hungary,81.341621
2003,Iceland,98.377815
2003,India,43.59124
2003,Indonesia,22.210228
2003,"Iran, Islamic Rep.",26.737686
2003,Iraq,4.9325395
2003,Ireland,92.493912
2003,Israel,66.382187
2003,Italy,72.677475
2003,Jamaica,48.480255
2003,Japan,83.455528
2003,"Jersey, Channel Islands",
2003,Jordan,53.178127
2003,Kazakhstan,27.680592
2003,Kenya,28.701799
2003,Kiribati,55.733761
2003,"Korea, Dem. Rep.",12.092239
2003,"Korea, Rep.",69.127922
2003,Kosovo,24.28364
2003,Kuwait,60.190811
2003,Kyrgyz Republic,25.296553
2003,Lao PDR,9.0395002
2003,Latvia,71.509445
2003,Lebanon,39.267372
2003,Lesotho,45.63998
2003,Liberia,4.444643
2003,Libya,20.283072
2003,Liechtenstein,92.412575
2003,Lithuania,73.293747
2003,Luxembourg,96.042755
2003,"Macao SAR, China",82.015633
2003,"Macedonia, FYR",36.844223
2003,Madagascar,49.693401
2003,Malawi,34.983688
2003,Malaysia,63.834602
2003,Maldives,57.978416
2003,Mali,44.221146
2003,Malta,88.565933
2003,Marshall Islands,49.817596
2003,Martinique,75.719307
2003,Mauritania,45.851921
2003,Mauritius,75.097717
2003,Mexico,52.857346
2003,"Micronesia, Fed. Sts.",49.753506
2003,Moldova,30.891069
2003,Monaco,82.090385
2003,Mongolia,54.95808
2003,Montenegro,44.354069
2003,Morocco,42.985794
2003,Mozambique,38.150181
2003,Myanmar,4.9957757
2003,Namibia,59.820145
2003,Nauru,85.616028
2003,Nepal,29.459339
2003,Netherlands,95.173042
2003,Netherlands Antilles,
2003,New Caledonia,
2003,New Zealand,95.887558
2003,Nicaragua,37.125114
2003,Niger,29.07021
2003,Nigeria,11.69506
2003,Niue,
2003,Norway,94.094917
2003,Oman,64.051537
2003,Pakistan,23.29114
2003,Palau,86.417313
2003,Panama,53.370663
2003,Papua New Guinea,24.939957
2003,Paraguay,19.739874
2003,Peru,41.170509
2003,Philippines,40.431736
2003,Poland,69.665993
2003,Portugal,89.072868
2003,Puerto Rico,76.984924
2003,Qatar,63.453259
2003,Reunion,
2003,Romania,50.355244
2003,Russian Federation,30.269983
2003,Rwanda,21.58761
2003,Samoa,70.918709
2003,San Marino,86.096794
2003,Sao Tome and Principe,38.904968
2003,Saudi Arabia,44.030888
2003,Senegal,48.109715
2003,Serbia,31.332436
2003,Seychelles,56.808178
2003,Sierra Leone,17.882656
2003,Singapore,84.284195
2003,Slovak Republic,72.572548
2003,Slovenia,82.300758
2003,Solomon Islands,21.723448
2003,Somalia,0.72507018
2003,South Africa,61.99152
2003,South Sudan,
2003,Spain,82.068123
2003,Sri Lanka,46.843601
2003,St. Kitts and Nevis,66.97744
2003,St. Lucia,70.937729
2003,St. Vincent and the Grenadines,66.038185
2003,Sudan,5.9085779
2003,Suriname,50.877094
2003,Swaziland,29.245872
2003,Sweden,97.250511
2003,Switzerland,95.798088
2003,Syrian Arab Republic,24.791397
2003,"Taiwan, China",77.025665
2003,Tajikistan,14.185131
2003,Tanzania,33.884888
2003,Thailand,55.25362
2003,Timor-Leste,29.387268
2003,Togo,18.942968
2003,Tonga,40.068161
2003,Trinidad and Tobago,59.619778
2003,Tunisia,53.268116
2003,Turkey,47.910183
2003,Turkmenistan,10.848728
2003,Tuvalu,60.228195
2003,Uganda,31.472614
2003,Ukraine,27.842438
2003,United Arab Emirates,65.603722
2003,United Kingdom,87.626488
2003,United States,84.400574
2003,Uruguay,71.982193
2003,Uzbekistan,8.5551596
2003,Vanuatu,41.380234
2003,"Venezuela, RB",16.862497
2003,Vietnam,33.099087
2003,Virgin Islands (U.S.),
2003,West Bank and Gaza,17.680012
2003,"Yemen, Rep.",18.195475
2003,Zambia,33.992661
2003,Zimbabwe,8.9529219
2004,Afghanistan,7.3578377
2004,Albania,37.157993
2004,Algeria,27.303242
2004,American Samoa,67.682411
2004,Andorra,90.134079
2004,Angola,10.076854
2004,Anguilla,78.930031
2004,Antigua and Barbuda,74.949928
2004,Argentina,38.195671
2004,Armenia,41.618145
2004,Aruba,80.152908
2004,Australia,93.083443
2004,Austria,92.745682
2004,Azerbaijan,19.30423
2004,"Bahamas, The",84.747437
2004,Bahrain,62.545288
2004,Bangladesh,15.230308
2004,Barbados,86.084198
2004,Belarus,17.398279
2004,Belgium,87.513718
2004,Belize,54.190025
2004,Benin,43.07251
2004,Bermuda,84.281174
2004,Bhutan,53.689907
2004,Bolivia,33.359188
2004,Bosnia and Herzegovina,43.419861
2004,Botswana,74.019173
2004,Brazil,51.794827
2004,Brunei Darussalam,66.971489
2004,Bulgaria,59.061081
2004,Burkina Faso,40.059048
2004,Burundi,7.9364462
2004,Cambodia,21.005964
2004,Cameroon,20.347248
2004,Canada,91.381538
2004,Cape Verde,62.715401
2004,Cayman Islands,86.371964
2004,Central African Republic,7.5084443
2004,Chad,10.993242
2004,Chile,86.064003
2004,China,36.154369
2004,Colombia,38.873264
2004,Comoros,19.213896
2004,"Congo, Dem. Rep.",3.7215881
2004,"Congo, Rep.",15.656326
2004,Cook Islands,56.683445
2004,Costa Rica,68.987785
2004,Cote d'Ivoire,9.2221518
2004,Croatia,64.992149
2004,Cuba,30.941145
2004,Cyprus,78.422295
2004,Czech Republic,74.431709
2004,Denmark,96.466484
2004,Djibouti,29.873747
2004,Dominica,73.334724
2004,Dominican Republic,37.367031
2004,Ecuador,26.286356
2004,"Egypt, Arab Rep.",35.917976
2004,El Salvador,47.729816
2004,Equatorial Guinea,10.84682
2004,Eritrea,20.57196
2004,Estonia,80.653038
2004,Ethiopia,19.542114
2004,Fiji,47.474274
2004,Finland,99.595825
2004,France,84.854637
2004,French Guiana,66.624969
2004,Gabon,33.440769
2004,"Gambia, The",38.952576
2004,Georgia,32.778954
2004,Germany,88.15799
2004,Ghana,48.814339
2004,Greece,75.542244
2004,Greenland,
2004,Grenada,67.223213
2004,Guam,70.923317
2004,Guatemala,31.059877
2004,Guinea,15.438582
2004,Guinea-Bissau,15.936526
2004,Guyana,40.866123
2004,Haiti,4.1179457
2004,Honduras,32.134464
2004,"Hong Kong SAR, China",88.753799
2004,Hungary,79.344299
2004,Iceland,97.410004
2004,India,44.389748
2004,Indonesia,26.088968
2004,"Iran, Islamic Rep.",26.965178
2004,Iraq,1.9418998
2004,Ireland,91.682083
2004,Israel,67.099808
2004,Italy,72.183357
2004,Jamaica,50.505028
2004,Japan,84.829895
2004,"Jersey, Channel Islands",
2004,Jordan,54.397301
2004,Kazakhstan,25.668764
2004,Kenya,30.396196
2004,Kiribati,57.16605
2004,"Korea, Dem. Rep.",11.538671
2004,"Korea, Rep.",71.762093
2004,Kosovo,29.138327
2004,Kuwait,62.532986
2004,Kyrgyz Republic,22.884491
2004,Lao PDR,12.970187
2004,Latvia,69.349937
2004,Lebanon,38.613529
2004,Lesotho,46.029179
2004,Liberia,6.0425243
2004,Libya,21.5737
2004,Liechtenstein,91.043633
2004,Lithuania,73.385315
2004,Luxembourg,95.722649
2004,"Macao SAR, China",84.457985
2004,"Macedonia, FYR",42.664928
2004,Madagascar,47.357967
2004,Malawi,35.190449
2004,Malaysia,64.796135
2004,Maldives,48.768456
2004,Mali,45.271
2004,Malta,85.988052
2004,Marshall Islands,49.106701
2004,Martinique,80.194756
2004,Mauritania,37.60331
2004,Mauritius,74.360512
2004,Mexico,52.289421
2004,"Micronesia, Fed. Sts.",60.3466
2004,Moldova,29.48645
2004,Monaco,79.847565
2004,Mongolia,50.932095
2004,Montenegro,43.359695
2004,Morocco,46.527519
2004,Mozambique,37.584301
2004,Myanmar,4.4160938
2004,Namibia,60.060394
2004,Nauru,82.411667
2004,Nepal,19.974308
2004,Netherlands,94.211899
2004,Netherlands Antilles,74.176071
2004,New Caledonia,
2004,New Zealand,97.416252
2004,Nicaragua,37.071514
2004,Niger,28.780998
2004,Nigeria,11.049328
2004,Niue,
2004,Norway,95.544334
2004,Oman,65.495064
2004,Pakistan,18.756859
2004,Palau,84.334747
2004,Panama,55.466923
2004,Papua New Guinea,23.955053
2004,Paraguay,19.899748
2004,Peru,41.321514
2004,Philippines,35.803699
2004,Poland,66.447983
2004,Portugal,85.624969
2004,Puerto Rico,76.303535
2004,Qatar,64.748238
2004,Reunion,80.083122
2004,Romania,52.640442
2004,Russian Federation,29.39797
2004,Rwanda,24.437147
2004,Samoa,67.450806
2004,San Marino,83.373207
2004,Sao Tome and Principe,40.400387
2004,Saudi Arabia,39.775459
2004,Senegal,50.681618
2004,Serbia,37.813721
2004,Seychelles,54.304276
2004,Sierra Leone,20.459696
2004,Singapore,87.327919
2004,Slovak Republic,73.569397
2004,Slovenia,81.591743
2004,Solomon Islands,26.399313
2004,Somalia,0.56246859
2004,South Africa,64.477463
2004,South Sudan,
2004,Spain,80.6875
2004,Sri Lanka,44.665615
2004,St. Kitts and Nevis,67.959709
2004,St. Lucia,69.584595
2004,St. Vincent and the Grenadines,69.263687
2004,Sudan,7.202424
2004,Suriname,49.200573
2004,Swaziland,24.209225
2004,Sweden,97.414291
2004,Switzerland,96.529755
2004,Syrian Arab Republic,22.453171
2004,"Taiwan, China",79.369019
2004,Tajikistan,13.315011
2004,Tanzania,35.357704
2004,Thailand,52.687931
2004,Timor-Leste,30.298002
2004,Togo,16.847795
2004,Tonga,44.344154
2004,Trinidad and Tobago,58.973152
2004,Tunisia,52.439178
2004,Turkey,48.880009
2004,Turkmenistan,9.1523104
2004,Tuvalu,64.438782
2004,Uganda,33.176022
2004,Ukraine,29.396755
2004,United Arab Emirates,67.007759
2004,United Kingdom,87.384926
2004,United States,82.881248
2004,Uruguay,68.92984
2004,Uzbekistan,8.0786753
2004,Vanuatu,47.836395
2004,"Venezuela, RB",15.493273
2004,Vietnam,32.195408
2004,Virgin Islands (U.S.),78.125359
2004,West Bank and Gaza,28.887148
2004,"Yemen, Rep.",14.309016
2004,Zambia,33.759659
2004,Zimbabwe,6.941493
2005,Afghanistan,5.2435799
2005,Albania,35.199677
2005,Algeria,32.743416
2005,American Samoa,71.140541
2005,Andorra,90.148895
2005,Angola,11.208044
2005,Anguilla,86.753845
2005,Antigua and Barbuda,68.921364
2005,Argentina,43.723637
2005,Armenia,42.333435
2005,Aruba,85.936211
2005,Australia,92.033134
2005,Austria,93.069008
2005,Azerbaijan,22.780012
2005,"Bahamas, The",83.453636
2005,Bahrain,57.383358
2005,Bangladesh,15.807299
2005,Barbados,86.922264
2005,Belarus,18.115484
2005,Belgium,86.627571
2005,Belize,54.058414
2005,Benin,37.280128
2005,Bermuda,82.923622
2005,Bhutan,58.017494
2005,Bolivia,28.15826
2005,Bosnia and Herzegovina,39.372978
2005,Botswana,73.861984
2005,Brazil,49.594147
2005,Brunei Darussalam,63.816601
2005,Bulgaria,58.720169
2005,Burkina Faso,40.131355
2005,Burundi,13.704571
2005,Cambodia,21.08226
2005,Cameroon,20.564932
2005,Canada,90.910141
2005,Cape Verde,58.703171
2005,Cayman Islands,85.343887
2005,Central African Republic,9.4275894
2005,Chad,8.2331533
2005,Chile,86.461525
2005,China,35.351601
2005,Colombia,38.297554
2005,Comoros,17.845062
2005,"Congo, Dem. Rep.",3.7114174
2005,"Congo, Rep.",11.702081
2005,Cook Islands,75.147247
2005,Costa Rica,66.089836
2005,Cote d'Ivoire,8.4310265
2005,Croatia,61.527058
2005,Cuba,30.85638
2005,Cyprus,78.978554
2005,Czech Republic,76.199715
2005,Denmark,96.54702
2005,Djibouti,23.186665
2005,Dominica,72.387276
2005,Dominican Republic,38.341522
2005,Ecuador,24.677485
2005,"Egypt, Arab Rep.",36.97419
2005,El Salvador,45.781235
2005,Equatorial Guinea,9.404542
2005,Eritrea,19.378141
2005,Estonia,79.535172
2005,Ethiopia,16.477278
2005,Fiji,48.531792
2005,Finland,99.676727
2005,France,85.177475
2005,French Guiana,70.411659
2005,Gabon,37.765209
2005,"Gambia, The",35.144634
2005,Georgia,37.070255
2005,Germany,89.684723
2005,Ghana,51.32272
2005,Greece,72.315506
2005,Greenland,
2005,Grenada,63.85899
2005,Guam,72.03923
2005,Guatemala,29.113602
2005,Guinea,14.057212
2005,Guinea-Bissau,17.304914
2005,Guyana,35.354713
2005,Haiti,6.385838
2005,Honduras,29.780849
2005,"Hong Kong SAR, China",89.232224
2005,Hungary,78.680565
2005,Iceland,98.296906
2005,India,46.814095
2005,Indonesia,28.026606
2005,"Iran, Islamic Rep.",24.064869
2005,Iraq,3.0688066
2005,Ireland,93.537132
2005,Israel,65.232979
2005,Italy,70.078804
2005,Jamaica,49.354637
2005,Japan,84.516487
2005,"Jersey, Channel Islands",
2005,Jordan,52.513977
2005,Kazakhstan,31.894457
2005,Kenya,28.212845
2005,Kiribati,57.287968
2005,"Korea, Dem. Rep.",11.380031
2005,"Korea, Rep.",73.21183
2005,Kosovo,29.153931
2005,Kuwait,58.728989
2005,Kyrgyz Republic,17.921865
2005,Lao PDR,12.640286
2005,Latvia,70.229729
2005,Lebanon,39.516785
2005,Lesotho,45.008564
2005,Liberia,13.600493
2005,Libya,20.594173
2005,Liechtenstein,91.289124
2005,Lithuania,70.63781
2005,Luxembourg,95.639763
2005,"Macao SAR, China",78.146194
2005,"Macedonia, FYR",39.670341
2005,Madagascar,46.750938
2005,Malawi,36.737194
2005,Malaysia,64.783211
2005,Maldives,53.540447
2005,Mali,44.225792
2005,Malta,85.008125
2005,Marshall Islands,50.565201
2005,Martinique,77.783455
2005,Mauritania,37.510166
2005,Mauritius,73.067467
2005,Mexico,49.779964
2005,"Micronesia, Fed. Sts.",66.241089
2005,Moldova,33.234863
2005,Monaco,77.287292
2005,Mongolia,48.748573
2005,Montenegro,51.325432
2005,Morocco,40.464226
2005,Mozambique,39.175007
2005,Myanmar,4.7409139
2005,Namibia,58.515221
2005,Nauru,80.492424
2005,Nepal,21.295462
2005,Netherlands,94.13295
2005,Netherlands Antilles,78.227486
2005,New Caledonia,40.865383
2005,New Zealand,95.888748
2005,Nicaragua,34.865147
2005,Niger,31.401907
2005,Nigeria,15.689988
2005,Niue,
2005,Norway,95.468102
2005,Oman,58.881355
2005,Pakistan,20.629269
2005,Palau,82.255241
2005,Panama,52.07486
2005,Papua New Guinea,20.550062
2005,Paraguay,21.605095
2005,Peru,38.727097
2005,Philippines,41.054466
2005,Poland,66.038284
2005,Portugal,85.543297
2005,Puerto Rico,77.377655
2005,Qatar,65.229134
2005,Reunion,80.302032
2005,Romania,52.064659
2005,Russian Federation,28.736633
2005,Rwanda,19.547174
2005,Samoa,70.604088
2005,San Marino,81.61422
2005,Sao Tome and Principe,37.010681
2005,Saudi Arabia,41.866993
2005,Senegal,49.071674
2005,Serbia,34.589581
2005,Seychelles,58.232056
2005,Sierra Leone,18.513941
2005,Singapore,88.456383
2005,Slovak Republic,74.615379
2005,Slovenia,79.075592
2005,Solomon Islands,36.217735
2005,Somalia,0.72272497
2005,South Africa,62.860367
2005,South Sudan,
2005,Spain,81.332436
2005,Sri Lanka,41.179268
2005,St. Kitts and Nevis,83.606705
2005,St. Lucia,82.091309
2005,St. Vincent and the Grenadines,81.43853
2005,Sudan,4.3689213
2005,Suriname,49.284668
2005,Swaziland,24.477821
2005,Sweden,95.396553
2005,Switzerland,95.157776
2005,Syrian Arab Republic,21.911022
2005,"Taiwan, China",76.842323
2005,Tajikistan,13.63986
2005,Tanzania,36.953678
2005,Thailand,51.334347
2005,Timor-Leste,25.42329
2005,Togo,13.338976
2005,Tonga,41.639183
2005,Trinidad and Tobago,57.104343
2005,Tunisia,49.44978
2005,Turkey,51.711121
2005,Turkmenistan,10.032525
2005,Tuvalu,67.457039
2005,Uganda,29.993502
2005,Ukraine,33.975712
2005,United Arab Emirates,65.298378
2005,United Kingdom,86.748566
2005,United States,83.765823
2005,Uruguay,70.222397
2005,Uzbekistan,6.1461949
2005,Vanuatu,64.577019
2005,"Venezuela, RB",16.787411
2005,Vietnam,36.369205
2005,Virgin Islands (U.S.),80.398575
2005,West Bank and Gaza,20.521948
2005,"Yemen, Rep.",16.347429
2005,Zambia,30.435184
2005,Zimbabwe,6.0506868
2006,Afghanistan,4.4348564
2006,Albania,36.668686
2006,Algeria,28.532833
2006,American Samoa,69.514542
2006,Andorra,89.841225
2006,Angola,12.730564
2006,Anguilla,89.108566
2006,Antigua and Barbuda,75.295525
2006,Argentina,43.23341
2006,Armenia,40.255215
2006,Aruba,84.339073
2006,Australia,91.869743
2006,Austria,94.35733
2006,Azerbaijan,21.987707
2006,"Bahamas, The",82.180878
2006,Bahrain,53.376083
2006,Bangladesh,18.461369
2006,Barbados,83.923378
2006,Belarus,17.887539
2006,Belgium,87.099403
2006,Belize,47.320854
2006,Benin,43.527214
2006,Bermuda,81.971428
2006,Bhutan,56.620361
2006,Bolivia,30.827761
2006,Bosnia and Herzegovina,39.698273
2006,Botswana,70.463699
2006,Brazil,49.097443
2006,Brunei Darussalam,64.483055
2006,Bulgaria,58.533737
2006,Burkina Faso,40.902699
2006,Burundi,14.821803
2006,Cambodia,20.019777
2006,Cameroon,20.168974
2006,Canada,93.151031
2006,Cape Verde,66.0364
2006,Cayman Islands,86.624123
2006,Central African Republic,10.018998
2006,Chad,7.3650417
2006,Chile,84.137062
2006,China,35.76862
2006,Colombia,41.433228
2006,Comoros,20.669115
2006,"Congo, Dem. Rep.",4.5256524
2006,"Congo, Rep.",12.177866
2006,Cook Islands,73.215897
2006,Costa Rica,65.758301
2006,Cote d'Ivoire,9.3984423
2006,Croatia,61.694283
2006,Cuba,32.612675
2006,Cyprus,81.154953
2006,Czech Republic,77.17292
2006,Denmark,96.869118
2006,Djibouti,26.060381
2006,Dominica,74.976112
2006,Dominican Republic,40.014557
2006,Ecuador,21.127729
2006,"Egypt, Arab Rep.",31.646919
2006,El Salvador,46.630482
2006,Equatorial Guinea,12.371639
2006,Eritrea,15.43527
2006,Estonia,81.139343
2006,Ethiopia,22.859985
2006,Fiji,45.1894
2006,Finland,98.620148
2006,France,85.899422
2006,French Guiana,68.415054
2006,Gabon,28.702887
2006,"Gambia, The",34.835625
2006,Georgia,43.499313
2006,Germany,91.535172
2006,Ghana,54.570137
2006,Greece,71.670509
2006,Greenland,
2006,Grenada,64.82917
2006,Guam,72.284355
2006,Guatemala,30.40666
2006,Guinea,8.4891424
2006,Guinea-Bissau,18.782461
2006,Guyana,35.910522
2006,Haiti,12.028212
2006,Honduras,28.834827
2006,"Hong Kong SAR, China",88.606796
2006,Hungary,79.0989
2006,Iceland,97.08477
2006,India,46.494724
2006,Indonesia,31.602898
2006,"Iran, Islamic Rep.",20.119606
2006,Iraq,3.1509197
2006,Ireland,93.231606
2006,Israel,68.38427
2006,Italy,69.761002
2006,Jamaica,51.211288
2006,Japan,86.858231
2006,"Jersey, Channel Islands",
2006,Jordan,50.697304
2006,Kazakhstan,31.185278
2006,Kenya,29.911203
2006,Kiribati,59.675083
2006,"Korea, Dem. Rep.",9.1335926
2006,"Korea, Rep.",69.599663
2006,Kosovo,32.960133
2006,Kuwait,58.560081
2006,Kyrgyz Republic,17.625221
2006,Lao PDR,16.413031
2006,Latvia,72.248634
2006,Lebanon,30.085281
2006,Lesotho,44.511772
2006,Liberia,21.755861
2006,Libya,17.859173
2006,Liechtenstein,92.090042
2006,Lithuania,71.83783
2006,Luxembourg,95.313324
2006,"Macao SAR, China",72.931084
2006,"Macedonia, FYR",44.288483
2006,Madagascar,46.175228
2006,Malawi,37.701385
2006,Malaysia,61.499878
2006,Maldives,49.887676
2006,Mali,44.231686
2006,Malta,86.889458
2006,Marshall Islands,49.253387
2006,Martinique,76.988777
2006,Mauritania,33.325798
2006,Mauritius,70.845299
2006,Mexico,48.915421
2006,"Micronesia, Fed. Sts.",66.298889
2006,Moldova,34.7808
2006,Monaco,81.118881
2006,Mongolia,47.56237
2006,Montenegro,47.683907
2006,Morocco,41.284355
2006,Mozambique,39.657425
2006,Myanmar,5.0587053
2006,Namibia,60.760441
2006,Nauru,84.324013
2006,Nepal,24.249372
2006,Netherlands,93.000191
2006,Netherlands Antilles,78.939995
2006,New Caledonia,40.865383
2006,New Zealand,95.888741
2006,Nicaragua,31.549618
2006,Niger,30.315657
2006,Nigeria,15.501994
2006,Niue,
2006,Norway,95.45787
2006,Oman,57.523521
2006,Pakistan,25.091209
2006,Palau,85.766319
2006,Panama,53.361263
2006,Papua New Guinea,23.607578
2006,Paraguay,21.448387
2006,Peru,39.624119
2006,Philippines,37.247414
2006,Poland,64.754654
2006,Portugal,81.267365
2006,Puerto Rico,72.992088
2006,Qatar,65.09314
2006,Reunion,81.747505
2006,Romania,55.220707
2006,Russian Federation,26.936497
2006,Rwanda,32.671303
2006,Samoa,69.644417
2006,San Marino,85.285545
2006,Sao Tome and Principe,38.174038
2006,Saudi Arabia,39.777721
2006,Senegal,43.172192
2006,Serbia,41.825314
2006,Seychelles,54.240215
2006,Sierra Leone,20.355724
2006,Singapore,86.130638
2006,Slovak Republic,74.135002
2006,Slovenia,80.128601
2006,Solomon Islands,33.666988
2006,Somalia,0.64102566
2006,South Africa,64.299263
2006,South Sudan,
2006,Spain,75.996635
2006,Sri Lanka,42.093925
2006,St. Kitts and Nevis,82.224899
2006,St. Lucia,80.805313
2006,St. Vincent and the Grenadines,80.050438
2006,Sudan,7.6112876
2006,Suriname,46.688217
2006,Swaziland,29.566284
2006,Sweden,95.794472
2006,Switzerland,96.441368
2006,Syrian Arab Republic,17.634535
2006,"Taiwan, China",73.07962
2006,Tajikistan,13.498697
2006,Tanzania,41.832516
2006,Thailand,43.919807
2006,Timor-Leste,18.920675
2006,Togo,14.823497
2006,Tonga,39.046535
2006,Trinidad and Tobago,54.207191
2006,Tunisia,51.320953
2006,Turkey,50.751476
2006,Turkmenistan,8.2700729
2006,Tuvalu,62.657249
2006,Uganda,33.434059
2006,Ukraine,35.008705
2006,United Arab Emirates,64.497833
2006,United Kingdom,90.113647
2006,United States,85.684998
2006,Uruguay,70.767647
2006,Uzbekistan,7.9316783
2006,Vanuatu,63.25935
2006,"Venezuela, RB",15.575641
2006,Vietnam,34.931538
2006,Virgin Islands (U.S.),76.59095
2006,West Bank and Gaza,19.055307
2006,"Yemen, Rep.",18.277632
2006,Zambia,34.553814
2006,Zimbabwe,7.0071745
2007,Afghanistan,4.5817051
2007,Albania,40.807362
2007,Algeria,25.769699
2007,American Samoa,74.849701
2007,Andorra,91.308273
2007,Angola,12.382215
2007,Anguilla,89.139824
2007,Antigua and Barbuda,75.217232
2007,Argentina,43.034672
2007,Armenia,41.285561
2007,Aruba,84.476654
2007,Australia,92.532448
2007,Austria,96.617104
2007,Azerbaijan,22.371607
2007,"Bahamas, The",83.672768
2007,Bahrain,55.240234
2007,Bangladesh,20.025702
2007,Barbados,86.31739
2007,Belarus,19.69573
2007,Belgium,87.378899
2007,Belize,46.054478
2007,Benin,43.499531
2007,Bermuda,82.24707
2007,Bhutan,52.207741
2007,Bolivia,30.501875
2007,Bosnia and Herzegovina,37.483334
2007,Botswana,71.36702
2007,Brazil,48.937042
2007,Brunei Darussalam,66.172623
2007,Bulgaria,58.974579
2007,Burkina Faso,41.578484
2007,Burundi,13.176178
2007,Cambodia,21.323595
2007,Cameroon,20.117748
2007,Canada,92.524696
2007,Cape Verde,67.31469
2007,Cayman Islands,85.852936
2007,Central African Republic,9.4201546
2007,Chad,6.4410243
2007,Chile,83.133255
2007,China,36.496155
2007,Colombia,42.219849
2007,Comoros,17.114941
2007,"Congo, Dem. Rep.",5.1507878
2007,"Congo, Rep.",11.734615
2007,Cook Islands,69.293213
2007,Costa Rica,66.129799
2007,Cote d'Ivoire,10.320641
2007,Croatia,62.926567
2007,Cuba,34.85651
2007,Cyprus,81.518204
2007,Czech Republic,76.25882
2007,Denmark,97.274086
2007,Djibouti,27.756195
2007,Dominica,74.733604
2007,Dominican Republic,38.602341
2007,Ecuador,21.54921
2007,"Egypt, Arab Rep.",34.840408
2007,El Salvador,46.298889
2007,Equatorial Guinea,12.672804
2007,Eritrea,12.485725
2007,Estonia,80.945251
2007,Ethiopia,24.63982
2007,Fiji,38.381035
2007,Finland,97.581741
2007,France,85.613762
2007,French Guiana,67.063049
2007,Gabon,28.042095
2007,"Gambia, The",35.127052
2007,Georgia,46.065697
2007,Germany,91.637436
2007,Ghana,53.429024
2007,Greece,71.357368
2007,Greenland,
2007,Grenada,64.694099
2007,Guam,72.781151
2007,Guatemala,30.936623
2007,Guinea,6.7666106
2007,Guinea-Bissau,16.317064
2007,Guyana,37.970707
2007,Haiti,13.351915
2007,Honduras,31.799452
2007,"Hong Kong SAR, China",87.893143
2007,Hungary,78.117393
2007,Iceland,96.695656
2007,India,45.134228
2007,Indonesia,35.347008
2007,"Iran, Islamic Rep.",19.816389
2007,Iraq,4.264699
2007,Ireland,94.128395
2007,Israel,66.841789
2007,Italy,69.356346
2007,Jamaica,51.190723
2007,Japan,84.157829
2007,"Jersey, Channel Islands",
2007,Jordan,53.063107
2007,Kazakhstan,32.580925
2007,Kenya,28.436378
2007,Kiribati,57.156769
2007,"Korea, Dem. Rep.",12.732367
2007,"Korea, Rep.",74.91111
2007,Kosovo,37.527882
2007,Kuwait,58.978668
2007,Kyrgyz Republic,19.337437
2007,Lao PDR,16.546703
2007,Latvia,70.637749
2007,Lebanon,29.162706
2007,Lesotho,40.701382
2007,Liberia,22.849953
2007,Libya,23.125423
2007,Liechtenstein,91.705452
2007,Lithuania,72.485733
2007,Luxembourg,95.97097
2007,"Macao SAR, China",67.146965
2007,"Macedonia, FYR",46.043453
2007,Madagascar,46.270668
2007,Malawi,38.903992
2007,Malaysia,61.360676
2007,Maldives,41.669231
2007,Mali,45.093323
2007,Malta,88.310913
2007,Marshall Islands,48.854332
2007,Martinique,77.712433
2007,Mauritania,31.209532
2007,Mauritius,74.080223
2007,Mexico,47.202938
2007,"Micronesia, Fed. Sts.",59.737175
2007,Moldova,35.706104
2007,Monaco,80.480156
2007,Mongolia,46.696194
2007,Montenegro,50.440502
2007,Morocco,41.78624
2007,Mozambique,40.0466
2007,Myanmar,4.7342381
2007,Namibia,62.898968
2007,Nauru,56.685619
2007,Nepal,25.271093
2007,Netherlands,92.934273
2007,Netherlands Antilles,79.573273
2007,New Caledonia,37.5
2007,New Zealand,96.139412
2007,Nicaragua,29.749231
2007,Niger,28.623636
2007,Nigeria,15.532975
2007,Niue,
2007,Norway,94.841446
2007,Oman,60.686596
2007,Pakistan,23.053831
2007,Palau,86.089127
2007,Panama,53.67091
2007,Papua New Guinea,25.731073
2007,Paraguay,22.75386
2007,Peru,40.437817
2007,Philippines,37.439777
2007,Poland,67.178093
2007,Portugal,80.929276
2007,Puerto Rico,73.458153
2007,Qatar,63.016582
2007,Reunion,82.132813
2007,Romania,55.354412
2007,Russian Federation,26.991749
2007,Rwanda,36.164684
2007,Samoa,67.599976
2007,San Marino,85.768616
2007,Sao Tome and Principe,40.411942
2007,Saudi Arabia,42.036095
2007,Senegal,39.407681
2007,Serbia,42.171211
2007,Seychelles,53.461346
2007,Sierra Leone,24.021143
2007,Singapore,85.65696
2007,Slovak Republic,74.913605
2007,Slovenia,80.040436
2007,Solomon Islands,30.285583
2007,Somalia,0.40064102
2007,South Africa,61.893074
2007,South Sudan,
2007,Spain,75.813553
2007,Sri Lanka,42.26791
2007,St. Kitts and Nevis,77.86721
2007,St. Lucia,77.959007
2007,St. Vincent and the Grenadines,76.512383
2007,Sudan,7.0887017
2007,Suriname,47.450832
2007,Swaziland,29.462576
2007,Sweden,96.779289
2007,Switzerland,96.781616
2007,Syrian Arab Republic,19.121031
2007,"Taiwan, China",73.315819
2007,Tajikistan,15.052151
2007,Tanzania,41.594067
2007,Thailand,43.813629
2007,Timor-Leste,18.316391
2007,Togo,17.6724
2007,Tonga,39.408649
2007,Trinidad and Tobago,55.705616
2007,Tunisia,49.600422
2007,Turkey,50.975399
2007,Turkmenistan,11.231218
2007,Tuvalu,60.042667
2007,Uganda,34.840725
2007,Ukraine,35.459373
2007,United Arab Emirates,66.192047
2007,United Kingdom,89.163551
2007,United States,84.9039
2007,Uruguay,72.324249
2007,Uzbekistan,9.7450409
2007,Vanuatu,59.863937
2007,"Venezuela, RB",12.714352
2007,Vietnam,35.558361
2007,Virgin Islands (U.S.),74.830933
2007,West Bank and Gaza,15.826394
2007,"Yemen, Rep.",19.008873
2007,Zambia,37.701508
2007,Zimbabwe,6.10882
2008,Afghanistan,3.7788672
2008,Albania,44.011112
2008,Algeria,25.129702
2008,American Samoa,74.531479
2008,Andorra,91.61998
2008,Angola,14.853648
2008,Anguilla,89.382141
2008,Antigua and Barbuda,75.707649
2008,Argentina,40.373821
2008,Armenia,42.498802
2008,Aruba,85.185585
2008,Australia,92.946533
2008,Austria,95.569183
2008,Azerbaijan,24.055178
2008,"Bahamas, The",83.604904
2008,Bahrain,55.026325
2008,Bangladesh,21.08161
2008,Barbados,85.43325
2008,Belarus,23.029428
2008,Belgium,86.109055
2008,Belize,47.582359
2008,Benin,43.403301
2008,Bermuda,82.328705
2008,Bhutan,52.917732
2008,Bolivia,29.614635
2008,Bosnia and Herzegovina,40.888279
2008,Botswana,71.353172
2008,Brazil,50.797016
2008,Brunei Darussalam,67.435966
2008,Bulgaria,57.442085
2008,Burkina Faso,44.006897
2008,Burundi,14.955686
2008,Cambodia,20.904112
2008,Cameroon,19.303047
2008,Canada,93.020073
2008,Cape Verde,66.984161
2008,Cayman Islands,82.776619
2008,Central African Republic,10.139797
2008,Chad,5.4744349
2008,Chile,82.032135
2008,China,37.79052
2008,Colombia,41.924232
2008,Comoros,15.659025
2008,"Congo, Dem. Rep.",5.3126111
2008,"Congo, Rep.",12.3645
2008,Cook Islands,53.498508
2008,Costa Rica,65.656013
2008,Cote d'Ivoire,10.231211
2008,Croatia,62.358013
2008,Cuba,33.623455
2008,Cyprus,84.184433
2008,Czech Republic,78.028717
2008,Denmark,97.283646
2008,Djibouti,33.524567
2008,Dominica,74.072853
2008,Dominican Republic,39.32362
2008,Ecuador,21.066568
2008,"Egypt, Arab Rep.",36.066967
2008,El Salvador,46.444172
2008,Equatorial Guinea,12.476881
2008,Eritrea,14.655161
2008,Estonia,81.446022
2008,Ethiopia,23.858856
2008,Fiji,33.688961
2008,Finland,97.825256
2008,France,85.877563
2008,French Guiana,67.96328
2008,Gabon,28.902792
2008,"Gambia, The",34.322262
2008,Georgia,47.551617
2008,Germany,90.280907
2008,Ghana,53.676693
2008,Greece,69.125992
2008,Greenland,
2008,Grenada,63.967884
2008,Guam,73.046516
2008,Guatemala,32.063976
2008,Guinea,7.3364263
2008,Guinea-Bissau,14.781199
2008,Guyana,37.911823
2008,Haiti,13.75144
2008,Honduras,29.941822
2008,"Hong Kong SAR, China",88.298409
2008,Hungary,76.032761
2008,Iceland,95.251747
2008,India,44.922527
2008,Indonesia,36.16367
2008,"Iran, Islamic Rep.",17.957464
2008,Iraq,6.686832
2008,Ireland,93.487724
2008,Israel,67.781975
2008,Italy,69.433006
2008,Jamaica,50.7169
2008,Japan,83.046379
2008,"Jersey, Channel Islands",
2008,Jordan,52.445827
2008,Kazakhstan,35.528694
2008,Kenya,26.826735
2008,Kiribati,54.40004
2008,"Korea, Dem. Rep.",13.492243
2008,"Korea, Rep.",70.903633
2008,Kosovo,46.764748
2008,Kuwait,57.62027
2008,Kyrgyz Republic,20.608425
2008,Lao PDR,18.295427
2008,Latvia,68.167931
2008,Lebanon,29.415665
2008,Lesotho,43.368454
2008,Liberia,17.443977
2008,Libya,25.740685
2008,Liechtenstein,91.940491
2008,Lithuania,71.442513
2008,Luxembourg,96.369339
2008,"Macao SAR, China",68.269562
2008,"Macedonia, FYR",49.759624
2008,Madagascar,38.724434
2008,Malawi,41.172386
2008,Malaysia,57.262653
2008,Maldives,38.998394
2008,Mali,42.190815
2008,Malta,88.79406
2008,Marshall Islands,49.878078
2008,Martinique,74.43718
2008,Mauritania,21.410463
2008,Mauritius,76.18103
2008,Mexico,44.649143
2008,"Micronesia, Fed. Sts.",56.897949
2008,Moldova,36.439682
2008,Monaco,81.273003
2008,Mongolia,45.794056
2008,Montenegro,56.928043
2008,Morocco,39.866806
2008,Mozambique,41.724117
2008,Myanmar,4.1648836
2008,Namibia,67.137627
2008,Nauru,55.222553
2008,Nepal,23.841326
2008,Netherlands,93.188065
2008,Netherlands Antilles,79.244759
2008,New Caledonia,38.755981
2008,New Zealand,95.586205
2008,Nicaragua,28.702274
2008,Niger,28.570263
2008,Nigeria,17.718897
2008,Niue,
2008,Norway,95.967087
2008,Oman,63.094486
2008,Pakistan,20.964817
2008,Palau,57.86367
2008,Panama,56.590046
2008,Papua New Guinea,25.314974
2008,Paraguay,25.248827
2008,Peru,41.822849
2008,Philippines,37.228203
2008,Poland,71.267555
2008,Portugal,82.779213
2008,Puerto Rico,72.591354
2008,Qatar,68.483017
2008,Reunion,78.785408
2008,Romania,55.839443
2008,Russian Federation,26.900751
2008,Rwanda,38.027836
2008,Samoa,66.461563
2008,San Marino,85.119926
2008,Sao Tome and Principe,39.453243
2008,Saudi Arabia,43.350494
2008,Senegal,42.725128
2008,Serbia,43.554272
2008,Seychelles,54.344097
2008,Sierra Leone,23.997665
2008,Singapore,87.097755
2008,Slovak Republic,75.854805
2008,Slovenia,82.124283
2008,Solomon Islands,32.191544
2008,Somalia,0.40064102
2008,South Africa,60.537006
2008,South Sudan,
2008,Spain,75.374153
2008,Sri Lanka,40.211224
2008,St. Kitts and Nevis,77.141441
2008,St. Lucia,76.988846
2008,St. Vincent and the Grenadines,77.14061
2008,Sudan,4.9920874
2008,Suriname,50.267403
2008,Swaziland,32.674896
2008,Sweden,96.149048
2008,Switzerland,96.621719
2008,Syrian Arab Republic,21.539703
2008,"Taiwan, China",74.837875
2008,Tajikistan,13.272721
2008,Tanzania,40.05793
2008,Thailand,43.121174
2008,Timor-Leste,20.474529
2008,Togo,19.906471
2008,Tonga,41.848957
2008,Trinidad and Tobago,54.499317
2008,Tunisia,48.717358
2008,Turkey,50.600784
2008,Turkmenistan,13.669592
2008,Tuvalu,58.73085
2008,Uganda,32.442787
2008,Ukraine,34.631863
2008,United Arab Emirates,64.577148
2008,United Kingdom,87.744965
2008,United States,86.929375
2008,Uruguay,73.035423
2008,Uzbekistan,11.434757
2008,Vanuatu,59.677551
2008,"Venezuela, RB",11.334774
2008,Vietnam,33.698769
2008,Virgin Islands (U.S.),75.405304
2008,West Bank and Gaza,13.26049
2008,"Yemen, Rep.",17.981819
2008,Zambia,40.337086
2008,Zimbabwe,5.3734136
2009,Afghanistan,2.9354408
2009,Albania,46.199837
2009,Algeria,23.355026
2009,American Samoa,75.044029
2009,Andorra,90.791176
2009,Angola,14.983333
2009,Anguilla,86.683746
2009,Antigua and Barbuda,75.086357
2009,Argentina,38.082497
2009,Armenia,44.231918
2009,Aruba,88.167152
2009,Australia,92.319931
2009,Austria,93.331673
2009,Azerbaijan,25.646461
2009,"Bahamas, The",78.503288
2009,Bahrain,56.806656
2009,Bangladesh,22.372389
2009,Barbados,83.880585
2009,Belarus,22.907171
2009,Belgium,87.789597
2009,Belize,48.472378
2009,Benin,41.634731
2009,Bermuda,80.979164
2009,Bhutan,53.642185
2009,Bolivia,29.046011
2009,Bosnia and Herzegovina,39.370506
2009,Botswana,70.557533
2009,Brazil,53.80999
2009,Brunei Darussalam,73.130531
2009,Bulgaria,59.294994
2009,Burkina Faso,43.647247
2009,Burundi,15.464069
2009,Cambodia,20.952101
2009,Cameroon,20.718157
2009,Canada,94.848335
2009,Cape Verde,66.801971
2009,Cayman Islands,80.180199
2009,Central African Republic,10.319206
2009,Chad,7.1467986
2009,Chile,83.439156
2009,China,36.79184
2009,Colombia,40.684975
2009,Comoros,16.39682
2009,"Congo, Dem. Rep.",4.2827878
2009,"Congo, Rep.",14.25278
2009,Cook Islands,37.703804
2009,Costa Rica,68.645927
2009,Cote d'Ivoire,12.705503
2009,Croatia,63.900543
2009,Cuba,34.701088
2009,Cyprus,80.657913
2009,Czech Republic,78.249695
2009,Denmark,96.759941
2009,Djibouti,34.754379
2009,Dominica,72.21479
2009,Dominican Republic,37.606297
2009,Ecuador,20.223814
2009,"Egypt, Arab Rep.",38.286583
2009,El Salvador,47.900181
2009,Equatorial Guinea,13.443994
2009,Eritrea,13.424719
2009,Estonia,80.650352
2009,Ethiopia,21.62105
2009,Fiji,25.532703
2009,Finland,98.416443
2009,France,84.937675
2009,French Guiana,79.072845
2009,Gabon,29.895992
2009,"Gambia, The",35.868538
2009,Georgia,48.549477
2009,Germany,90.251099
2009,Ghana,54.687939
2009,Greece,63.911125
2009,Greenland,88.864449
2009,Grenada,63.173767
2009,Guam,71.492554
2009,Guatemala,31.62052
2009,Guinea,9.3044434
2009,Guinea-Bissau,14.825356
2009,Guyana,38.017113
2009,Haiti,14.351421
2009,Honduras,29.53355
2009,"Hong Kong SAR, China",87.185654
2009,Hungary,72.152428
2009,Iceland,91.578796
2009,India,43.89782
2009,Indonesia,35.323174
2009,"Iran, Islamic Rep.",15.656817
2009,Iraq,8.0232353
2009,Ireland,92.145325
2009,Israel,64.839714
2009,Italy,67.38739
2009,Jamaica,49.306107
2009,Japan,85.325066
2009,"Jersey, Channel Islands",
2009,Jordan,51.720371
2009,Kazakhstan,37.923008
2009,Kenya,25.739813
2009,Kiribati,51.793312
2009,"Korea, Dem. Rep.",9.2485094
2009,"Korea, Rep.",72.873154
2009,Kosovo,44.993839
2009,Kuwait,57.328587
2009,Kyrgyz Republic,19.297112
2009,Lao PDR,16.329168
2009,Latvia,69.216988
2009,Lebanon,31.143564
2009,Lesotho,47.612568
2009,Liberia,20.29978
2009,Libya,21.932093
2009,Liechtenstein,95.310928
2009,Lithuania,70.952477
2009,Luxembourg,96.185852
2009,"Macao SAR, China",73.597664
2009,"Macedonia, FYR",50.738491
2009,Madagascar,30.902817
2009,Malawi,43.394409
2009,Malaysia,56.318359
2009,Maldives,40.05571
2009,Mali,37.979321
2009,Malta,86.174286
2009,Marshall Islands,50.346569
2009,Martinique,72.242004
2009,Mauritania,24.141136
2009,Mauritius,73.891701
2009,Mexico,46.314354
2009,"Micronesia, Fed. Sts.",56.799095
2009,Moldova,36.277843
2009,Monaco,80.410744
2009,Mongolia,44.389519
2009,Montenegro,58.551594
2009,Morocco,43.285561
2009,Mozambique,44.024052
2009,Myanmar,3.4823163
2009,Namibia,63.079662
2009,Nauru,58.37812
2009,Nepal,22.074575
2009,Netherlands,93.901978
2009,Netherlands Antilles,74.137733
2009,New Caledonia,38.953461
2009,New Zealand,96.359703
2009,Nicaragua,28.563763
2009,Niger,28.901638
2009,Nigeria,15.564223
2009,Niue,37.703804
2009,Norway,95.710411
2009,Oman,60.587543
2009,Pakistan,19.465672
2009,Palau,61.143486
2009,Panama,55.797562
2009,Papua New Guinea,25.059525
2009,Paraguay,26.188803
2009,Peru,41.316887
2009,Philippines,36.143299
2009,Poland,74.042114
2009,Portugal,81.033203
2009,Puerto Rico,68.187111
2009,Qatar,73.689499
2009,Reunion,78.503288
2009,Romania,56.502415
2009,Russian Federation,26.609447
2009,Rwanda,38.86974
2009,Samoa,63.606884
2009,San Marino,89.257507
2009,Sao Tome and Principe,37.827389
2009,Saudi Arabia,43.156307
2009,Senegal,39.365215
2009,Serbia,46.368397
2009,Seychelles,55.060204
2009,Sierra Leone,24.171749
2009,Singapore,86.32811
2009,Slovak Republic,73.100296
2009,Slovenia,81.188164
2009,Solomon Islands,33.117153
2009,Somalia,0.23696682
2009,South Africa,59.469601
2009,South Sudan,
2009,Spain,74.237892
2009,Sri Lanka,39.32024
2009,St. Kitts and Nevis,78.715317
2009,St. Lucia,77.692238
2009,St. Vincent and the Grenadines,76.028175
2009,Sudan,6.2756524
2009,Suriname,47.194946
2009,Swaziland,33.746418
2009,Sweden,96.355171
2009,Switzerland,96.349876
2009,Syrian Arab Republic,23.010347
2009,"Taiwan, China",75.494911
2009,Tajikistan,12.299976
2009,Tanzania,39.982765
2009,Thailand,43.713764
2009,Timor-Leste,21.229506
2009,Togo,20.052231
2009,Tonga,43.133255
2009,Trinidad and Tobago,56.139217
2009,Tunisia,48.854851
2009,Turkey,50.607723
2009,Turkmenistan,12.809814
2009,Tuvalu,59.967724
2009,Uganda,31.752798
2009,Ukraine,29.573233
2009,United Arab Emirates,66.077087
2009,United Kingdom,85.112282
2009,United States,83.992836
2009,Uruguay,74.278328
2009,Uzbekistan,11.521425
2009,Vanuatu,60.490791
2009,"Venezuela, RB",11.342283
2009,Vietnam,35.486443
2009,Virgin Islands (U.S.),70.911285
2009,West Bank and Gaza,31.46859
2009,"Yemen, Rep.",13.990491
2009,Zambia,39.088188
2009,Zimbabwe,5.3871212
2010,Afghanistan,3.3322875
2010,Albania,45.499073
2010,Algeria,23.794933
2010,American Samoa,74.448685
2010,Andorra,90.168678
2010,Angola,15.500004
2010,Anguilla,88.58741
2010,Antigua and Barbuda,75.743416
2010,Argentina,41.267704
2010,Armenia,42.260269
2010,Aruba,87.869652
2010,Australia,92.417961
2010,Austria,93.745796
2010,Azerbaijan,24.092375
2010,"Bahamas, The",78.283569
2010,Bahrain,53.256382
2010,Bangladesh,22.671017
2010,Barbados,84.211563
2010,Belarus,18.823919
2010,Belgium,87.342216
2010,Belize,49.099346
2010,Benin,39.98629
2010,Bermuda,83.9235
2010,Bhutan,53.208084
2010,Bolivia,32.015282
2010,Bosnia and Herzegovina,39.476807
2010,Botswana,71.143204
2010,Brazil,55.709816
2010,Brunei Darussalam,72.675865
2010,Bulgaria,59.527111
2010,Burkina Faso,42.63089
2010,Burundi,13.157556
2010,Cambodia,20.449718
2010,Cameroon,19.338512
2010,Canada,92.97052
2010,Cape Verde,66.202019
2010,Cayman Islands,80.751968
2010,Central African Republic,10.625675
2010,Chad,7.6884718
2010,Chile,84.816055
2010,China,35.0807
2010,Colombia,41.592712
2010,Comoros,17.938276
2010,"Congo, Dem. Rep.",3.7211959
2010,"Congo, Rep.",15.0158
2010,Cook Islands,38.152561
2010,Costa Rica,70.434471
2010,Cote d'Ivoire,11.894123
2010,Croatia,64.037888
2010,Cuba,34.916893
2010,Cyprus,81.424385
2010,Czech Republic,77.972214
2010,Denmark,96.927582
2010,Djibouti,31.342798
2010,Dominica,73.590393
2010,Dominican Republic,36.28241
2010,Ecuador,22.332169
2010,"Egypt, Arab Rep.",34.751068
2010,El Salvador,48.767529
2010,Equatorial Guinea,12.452128
2010,Eritrea,12.348438
2010,Estonia,81.086586
2010,Ethiopia,22.708725
2010,Fiji,26.295378
2010,Finland,98.105347
2010,France,85.522041
2010,French Guiana,79.280228
2010,Gabon,32.607483
2010,"Gambia, The",34.060925
2010,Georgia,50.86932
2010,Germany,89.330917
2010,Ghana,55.473225
2010,Greece,63.270031
2010,Greenland,89.271545
2010,Grenada,64.652725
2010,Guam,70.357231
2010,Guatemala,31.179173
2010,Guinea,10.628
2010,Guinea-Bissau,15.83015
2010,Guyana,39.309128
2010,Haiti,12.900302
2010,Honduras,29.183054
2010,"Hong Kong SAR, China",86.89064
2010,Hungary,72.435287
2010,Iceland,89.850716
2010,India,43.219048
2010,Indonesia,35.209934
2010,"Iran, Islamic Rep.",14.608051
2010,Iraq,8.4926443
2010,Ireland,91.053673
2010,Israel,66.910278
2010,Italy,67.523567
2010,Jamaica,49.016804
2010,Japan,84.881134
2010,"Jersey, Channel Islands",
2010,Jordan,50.126392
2010,Kazakhstan,34.611023
2010,Kenya,29.208981
2010,Kiribati,51.434406
2010,"Korea, Dem. Rep.",7.1645527
2010,"Korea, Rep.",73.09726
2010,Kosovo,33.637985
2010,Kuwait,57.299538
2010,Kyrgyz Republic,21.83774
2010,Lao PDR,17.651943
2010,Latvia,70.620766
2010,Lebanon,31.684
2010,Lesotho,48.378376
2010,Liberia,23.737326
2010,Libya,15.801683
2010,Liechtenstein,95.316994
2010,Lithuania,72.674889
2010,Luxembourg,96.273125
2010,"Macao SAR, China",74.765587
2010,"Macedonia, FYR",49.167145
2010,Madagascar,27.437492
2010,Malawi,41.892891
2010,Malaysia,61.309753
2010,Maldives,42.308178
2010,Mali,36.497742
2010,Malta,86.759308
2010,Marshall Islands,49.687569
2010,Martinique,72.291519
2010,Mauritania,20.926456
2010,Mauritius,73.393677
2010,Mexico,45.860538
2010,"Micronesia, Fed. Sts.",54.067059
2010,Moldova,38.195759
2010,Monaco,81.22522
2010,Mongolia,44.4053
2010,Montenegro,55.767494
2010,Morocco,44.568832
2010,Mozambique,42.677574
2010,Myanmar,3.0776665
2010,Namibia,62.179245
2010,Nauru,58.892254
2010,Nepal,22.208328
2010,Netherlands,93.840912
2010,Netherlands Antilles,75.351219
2010,New Caledonia,39.150944
2010,New Zealand,96.839584
2010,Nicaragua,27.895412
2010,Niger,28.391832
2010,Nigeria,15.78643
2010,Niue,39.187019
2010,Norway,96.748924
2010,Oman,58.978794
2010,Pakistan,20.476988
2010,Palau,56.731663
2010,Panama,54.541229
2010,Papua New Guinea,26.627409
2010,Paraguay,28.769514
2010,Peru,44.521042
2010,Philippines,35.006435
2010,Poland,75.347054
2010,Portugal,79.164421
2010,Puerto Rico,69.508011
2010,Qatar,72.037811
2010,Reunion,78.154083
2010,Romania,56.901554
2010,Russian Federation,27.373796
2010,Rwanda,44.415386
2010,Samoa,60.014431
2010,San Marino,88.469109
2010,Sao Tome and Principe,36.23859
2010,Saudi Arabia,45.851952
2010,Senegal,35.903183
2010,Serbia,46.940758
2010,Seychelles,58.195831
2010,Sierra Leone,26.034546
2010,Singapore,86.654915
2010,Slovak Republic,74.322517
2010,Slovenia,78.84362
2010,Solomon Islands,34.624874
2010,Somalia,0.31671163
2010,South Africa,60.087826
2010,South Sudan,23.809525
2010,Spain,74.860817
2010,Sri Lanka,39.98016
2010,St. Kitts and Nevis,78.020958
2010,St. Lucia,77.640236
2010,St. Vincent and the Grenadines,76.290253
2010,Sudan,5.2389588
2010,Suriname,46.640175
2010,Swaziland,35.815922
2010,Sweden,96.36599
2010,Switzerland,96.042915
2010,Syrian Arab Republic,21.482922
2010,"Taiwan, China",78.777504
2010,Tajikistan,13.87274
2010,Tanzania,38.885628
2010,Thailand,42.951012
2010,Timor-Leste,21.433474
2010,Togo,20.326601
2010,Tonga,51.044109
2010,Trinidad and Tobago,55.343239
2010,Tunisia,47.506287
2010,Turkey,51.09903
2010,Turkmenistan,11.341379
2010,Tuvalu,58.492786
2010,Uganda,32.283909
2010,Ukraine,32.219627
2010,United Arab Emirates,63.022366
2010,United Kingdom,87.291779
2010,United States,84.511345
2010,Uruguay,75.418716
2010,Uzbekistan,11.252194
2010,Vanuatu,59.881611
2010,"Venezuela, RB",10.053999
2010,Vietnam,33.277103
2010,Virgin Islands (U.S.),74.749275
2010,West Bank and Gaza,37.949337
2010,"Yemen, Rep.",13.425836
2010,Zambia,38.298882
2010,Zimbabwe,5.6896138
2011,Afghanistan,3.6167982
2011,Albania,43.901024
2011,Algeria,22.041956
2011,American Samoa,73.847321
2011,Andorra,92.129669
2011,Angola,14.626915
2011,Anguilla,89.386559
2011,Antigua and Barbuda,75.695953
2011,Argentina,42.866699
2011,Armenia,42.823341
2011,Aruba,88.663437
2011,Australia,92.294777
2011,Austria,92.753075
2011,Azerbaijan,22.989012
2011,"Bahamas, The",77.981415
2011,Bahrain,50.497971
2011,Bangladesh,22.952374
2011,Barbados,86.307869
2011,Belarus,18.02564
2011,Belgium,88.278206
2011,Belize,47.657951
2011,Benin,41.371449
2011,Bermuda,84.0354
2011,Bhutan,53.116276
2011,Bolivia,32.26297
2011,Bosnia and Herzegovina,38.394112
2011,Botswana,71.530296
2011,Brazil,54.913105
2011,Brunei Darussalam,71.883698
2011,Bulgaria,58.625904
2011,Burkina Faso,39.657536
2011,Burundi,13.451093
2011,Cambodia,22.185747
2011,Cameroon,19.517216
2011,Canada,93.629768
2011,Cape Verde,67.178909
2011,Cayman Islands,82.324654
2011,Central African Republic,11.332114
2011,Chad,8.9746609
2011,Chile,83.253746
2011,China,35.919098
2011,Colombia,45.418594
2011,Comoros,19.091476
2011,"Congo, Dem. Rep.",3.5385475
2011,"Congo, Rep.",15.882211
2011,Cook Islands,27.478806
2011,Costa Rica,67.97216
2011,Cote d'Ivoire,13.069857
2011,Croatia,64.525185
2011,Cuba,34.807583
2011,Cyprus,81.126961
2011,Czech Republic,79.066124
2011,Denmark,97.327766
2011,Djibouti,31.102158
2011,Dominica,73.235756
2011,Dominican Republic,38.228249
2011,Ecuador,24.07448
2011,"Egypt, Arab Rep.",28.654049
2011,El Salvador,49.839611
2011,Equatorial Guinea,12.891327
2011,Eritrea,11.503752
2011,Estonia,81.431793
2011,Ethiopia,21.968544
2011,Fiji,31.64992
2011,Finland,98.34903
2011,France,84.02916
2011,French Guiana,79.70372
2011,Gabon,33.814831
2011,"Gambia, The",34.953728
2011,Georgia,53.307423
2011,Germany,88.909019
2011,Ghana,56.251427
2011,Greece,62.386642
2011,Greenland,89.753685
2011,Grenada,63.332222
2011,Guam,72.048775
2011,Guatemala,31.576584
2011,Guinea,11.489333
2011,Guinea-Bissau,15.339713
2011,Guyana,39.091618
2011,Haiti,12.021833
2011,Honduras,31.883966
2011,"Hong Kong SAR, China",85.950447
2011,Hungary,72.543854
2011,Iceland,91.493698
2011,India,41.914902
2011,Indonesia,35.876102
2011,"Iran, Islamic Rep.",16.620281
2011,Iraq,8.6594715
2011,Ireland,89.453026
2011,Israel,68.081375
2011,Italy,67.110329
2011,Jamaica,52.962479
2011,Japan,85.530632
2011,"Jersey, Channel Islands",90.14975
2011,Jordan,49.600124
2011,Kazakhstan,31.410023
2011,Kenya,28.178238
2011,Kiribati,53.50742
2011,"Korea, Dem. Rep.",8.0174265
2011,"Korea, Rep.",73.652344
2011,Kosovo,35.018745
2011,Kuwait,54.461735
2011,Kyrgyz Republic,22.756544
2011,Lao PDR,19.279438
2011,Latvia,69.240822
2011,Lebanon,31.330776
2011,Lesotho,48.778599
2011,Liberia,23.504093
2011,Libya,7.9389009
2011,Liechtenstein,94.963257
2011,Lithuania,71.987968
2011,Luxembourg,96.774452
2011,"Macao SAR, China",74.92762
2011,"Macedonia, FYR",49.112103
2011,Madagascar,27.631582
2011,Malawi,41.133419
2011,Malaysia,59.838203
2011,Maldives,39.105686
2011,Mali,35.851986
2011,Malta,84.178543
2011,Marshall Islands,51.985901
2011,Martinique,73.493576
2011,Mauritania,22.75099
2011,Mauritius,74.982101
2011,Mexico,46.442066
2011,"Micronesia, Fed. Sts.",53.268997
2011,Moldova,41.84024
2011,Monaco,79.472641
2011,Mongolia,45.292309
2011,Montenegro,56.882553
2011,Morocco,42.425835
2011,Mozambique,39.879929
2011,Myanmar,4.4014468
2011,Namibia,61.761665
2011,Nauru,56.568001
2011,Nepal,20.84749
2011,Netherlands,95.515846
2011,Netherlands Antilles,76.172806
2011,New Caledonia,40.094341
2011,New Zealand,98.663872
2011,Nicaragua,30.052738
2011,Niger,32.009731
2011,Nigeria,15.577127
2011,Niue,27.562023
2011,Norway,97.163094
2011,Oman,54.557396
2011,Pakistan,18.411097
2011,Palau,58.040607
2011,Panama,56.014111
2011,Papua New Guinea,27.829988
2011,Paraguay,29.966009
2011,Peru,45.977039
2011,Philippines,36.984219
2011,Poland,75.92067
2011,Portugal,78.11869
2011,Puerto Rico,70.339218
2011,Qatar,68.656631
2011,Reunion,78.278549
2011,Romania,57.122528
2011,Russian Federation,27.629005
2011,Rwanda,45.610214
2011,Samoa,61.812805
2011,San Marino,84.798622
2011,Sao Tome and Principe,38.060997
2011,Saudi Arabia,39.213627
2011,Senegal,38.869835
2011,Serbia,49.492924
2011,Seychelles,58.29948
2011,Sierra Leone,26.411823
2011,Singapore,87.305061
2011,Slovak Republic,73.725319
2011,Slovenia,79.065788
2011,Solomon Islands,36.470791
2011,Somalia,0.391978
2011,South Africa,60.428585
2011,South Sudan,6.5849814
2011,Spain,76.946915
2011,Sri Lanka,42.346142
2011,St. Kitts and Nevis,76.697594
2011,St. Lucia,77.018402
2011,St. Vincent and the Grenadines,75.592888
2011,Sudan,5.822186
2011,Suriname,47.968719
2011,Swaziland,31.803877
2011,Sweden,98.033096
2011,Switzerland,95.829552
2011,Syrian Arab Republic,18.664001
2011,"Taiwan, China",79.236748
2011,Tajikistan,14.248726
2011,Tanzania,36.48901
2011,Thailand,44.013103
2011,Timor-Leste,22.703829
2011,Togo,21.301279
2011,Tonga,52.286304
2011,Trinidad and Tobago,57.283848
2011,Tunisia,46.280346
2011,Turkey,51.405415
2011,Turkmenistan,11.402018
2011,Tuvalu,50.027454
2011,Uganda,33.356258
2011,Ukraine,30.031954
2011,United Arab Emirates,65.755241
2011,United Kingdom,87.181694
2011,United States,84.822754
2011,Uruguay,75.523895
2011,Uzbekistan,11.422145
2011,Vanuatu,59.681561
2011,"Venezuela, RB",10.537364
2011,Vietnam,35.18956
2011,Virgin Islands (U.S.),77.032471
2011,West Bank and Gaza,29.597477
2011,"Yemen, Rep.",10.319361
2011,Zambia,41.52607
2011,Zimbabwe,6.7636809
2012,Afghanistan,5.4812279
2012,Albania,42.224693
2012,Algeria,22.87429
2012,American Samoa,74.404556
2012,Andorra,91.820297
2012,Angola,16.411938
2012,Anguilla,89.679283
2012,Antigua and Barbuda,76.109436
2012,Argentina,39.657742
2012,Armenia,45.974209
2012,Aruba,88.323624
2012,Australia,93.107552
2012,Austria,93.558807
2012,Azerbaijan,22.151297
2012,"Bahamas, The",77.29805
2012,Bahrain,50.018143
2012,Bangladesh,20.952856
2012,Barbados,84.752487
2012,Belarus,22.934383
2012,Belgium,87.869339
2012,Belize,50.616417
2012,Benin,39.167175
2012,Bermuda,84.289894
2012,Bhutan,54.592319
2012,Bolivia,30.556627
2012,Bosnia and Herzegovina,43.505901
2012,Botswana,73.727676
2012,Brazil,53.572266
2012,Brunei Darussalam,69.244957
2012,Bulgaria,58.344105
2012,Burkina Faso,36.834545
2012,Burundi,11.893694
2012,Cambodia,25.474878
2012,Cameroon,18.084311
2012,Canada,93.974922
2012,Cape Verde,66.6455
2012,Cayman Islands,80.104988
2012,Central African Republic,10.17181
2012,Chad,9.1215219
2012,Chile,83.130005
2012,China,35.132317
2012,Colombia,43.226227
2012,Comoros,19.964172
2012,"Congo, Dem. Rep.",3.6508765
2012,"Congo, Rep.",14.81704
2012,Cook Islands,
2012,Costa Rica,70.9487
2012,Cote d'Ivoire,18.021194
2012,Croatia,63.974995
2012,Cuba,34.613029
2012,Cyprus,81.291336
2012,Czech Republic,76.968491
2012,Denmark,94.781441
2012,Djibouti,30.323439
2012,Dominica,72.754105
2012,Dominican Republic,40.370907
2012,Ecuador,26.273083
2012,"Egypt, Arab Rep.",27.871758
2012,El Salvador,47.004089
2012,Equatorial Guinea,12.257648
2012,Eritrea,10.796919
2012,Estonia,80.329865
2012,Ethiopia,22.726894
2012,Fiji,30.317392
2012,Finland,98.335182
2012,France,83.982254
2012,French Guiana,79.78299
2012,Gabon,35.770653
2012,"Gambia, The",34.456562
2012,Georgia,55.856522
2012,Germany,89.303993
2012,Ghana,54.602901
2012,Greece,58.502083
2012,Greenland,89.578369
2012,Grenada,64.127686
2012,Guam,72.357651
2012,Guatemala,29.624632
2012,Guinea,11.512355
2012,Guinea-Bissau,9.7617483
2012,Guyana,36.893883
2012,Haiti,13.711195
2012,Honduras,28.183935
2012,"Hong Kong SAR, China",87.819832
2012,Hungary,70.243843
2012,Iceland,91.020584
2012,India,39.836124
2012,Indonesia,38.097614
2012,"Iran, Islamic Rep.",17.008699
2012,Iraq,9.1328602
2012,Ireland,90.090103
2012,Israel,68.245308
2012,Italy,66.269455
2012,Jamaica,52.227184
2012,Japan,85.488335
2012,"Jersey, Channel Islands",90.457077
2012,Jordan,48.533604
2012,Kazakhstan,30.091763
2012,Kenya,26.9186
2012,Kiribati,52.19355
2012,"Korea, Dem. Rep.",9.2469969
2012,"Korea, Rep.",72.087799
2012,Kosovo,36.215485
2012,Kuwait,50.168182
2012,Kyrgyz Republic,23.747704
2012,Lao PDR,22.287354
2012,Latvia,70.169388
2012,Lebanon,30.034695
2012,Lesotho,48.318176
2012,Liberia,24.504335
2012,Libya,8.5474348
2012,Liechtenstein,94.680527
2012,Lithuania,73.417007
2012,Luxembourg,96.188881
2012,"Macao SAR, China",69.496284
2012,"Macedonia, FYR",50.509083
2012,Madagascar,24.923468
2012,Malawi,39.342541
2012,Malaysia,60.68845
2012,Maldives,39.381844
2012,Mali,23.819891
2012,Malta,85.473213
2012,Marshall Islands,50.746803
2012,Martinique,72.554176
2012,Mauritania,22.793789
2012,Mauritius,75.708443
2012,Mexico,47.982193
2012,"Micronesia, Fed. Sts.",54.824371
2012,Moldova,42.126049
2012,Monaco,80.410744
2012,Mongolia,45.205105
2012,Montenegro,57.295326
2012,Morocco,42.725838
2012,Mozambique,38.85878
2012,Myanmar,7.6101499
2012,Namibia,63.001427
2012,Nauru,57.748474
2012,Nepal,21.031845
2012,Netherlands,95.796959
2012,Netherlands Antilles,75.239799
2012,New Caledonia,
2012,New Zealand,98.016205
2012,Nicaragua,30.86578
2012,Niger,26.99003
2012,Nigeria,15.564223
2012,Niue,
2012,Norway,97.059265
2012,Oman,56.619198
2012,Pakistan,17.633808
2012,Palau,59.006252
2012,Panama,53.745361
2012,Papua New Guinea,27.997234
2012,Paraguay,28.093607
2012,Peru,44.328293
2012,Philippines,40.35239
2012,Poland,76.417076
2012,Portugal,77.623077
2012,Puerto Rico,70.480057
2012,Qatar,72.806259
2012,Reunion,78.102303
2012,Romania,54.28619
2012,Russian Federation,26.69146
2012,Rwanda,45.852512
2012,Samoa,63.050938
2012,San Marino,84.992104
2012,Sao Tome and Principe,36.562809
2012,Saudi Arabia,44.26442
2012,Senegal,45.160889
2012,Serbia,48.103886
2012,Seychelles,58.7262
2012,Sierra Leone,25.285154
2012,Singapore,90.516037
2012,Slovak Republic,73.71936
2012,Slovenia,77.05806
2012,Solomon Islands,35.666721
2012,Somalia,0.079744816
2012,South Africa,57.946892
2012,South Sudan,7.0504246
2012,Spain,74.711067
2012,Sri Lanka,41.778725
2012,St. Kitts and Nevis,77.206963
2012,St. Lucia,73.237114
2012,St. Vincent and the Grenadines,75.858109
2012,Sudan,4.6800003
2012,Suriname,49.984505
2012,Swaziland,33.112995
2012,Sweden,97.546051
2012,Switzerland,97.299255
2012,Syrian Arab Republic,7.1483102
2012,"Taiwan, China",78.741768
2012,Tajikistan,13.500684
2012,Tanzania,35.050682
2012,Thailand,44.33736
2012,Timor-Leste,24.083691
2012,Togo,19.424854
2012,Tonga,54.791492
2012,Trinidad and Tobago,55.800587
2012,Tunisia,44.791641
2012,Turkey,50.780064
2012,Turkmenistan,13.053584
2012,Tuvalu,52.66597
2012,Uganda,32.06044
2012,Ukraine,30.609915
2012,United Arab Emirates,66.412689
2012,United Kingdom,87.407501
2012,United States,85.572617
2012,Uruguay,72.384865
2012,Uzbekistan,11.341527
2012,Vanuatu,59.542168
2012,"Venezuela, RB",10.860035
2012,Vietnam,35.082428
2012,Virgin Islands (U.S.),76.044052
2012,West Bank and Gaza,28.050901
2012,"Yemen, Rep.",10.257602
2012,Zambia,45.212666
2012,Zimbabwe,8.2443295
